start_date,end_date,duration,heatwave_cumulative_intensity,year
1981-01-01,1981-01-04,4,16.717371576171786,1981
1981-01-26,1981-01-26,1,1.3999693457031022,1981
1981-01-31,1981-02-04,5,12.019012914062383,1981
1981-02-07,1981-02-10,4,11.355217994140535,1981
1981-03-04,1981-03-04,1,0.9344538906249742,1981
1981-03-09,1981-03-13,5,9.880248316406195,1981
1981-03-24,1981-03-28,5,10.740509330078009,1981
1981-03-31,1981-03-31,1,0.6339475273437252,1981
1981-04-03,1981-04-03,1,1.5791376992187232,1981
1981-04-07,1981-04-16,10,15.288697107421648,1981
1981-05-21,1981-05-22,2,1.0812195019530755,1981
1981-05-25,1981-05-25,1,1.0733699824218519,1981
1981-06-01,1981-06-03,3,2.456682943359308,1981
1981-06-08,1981-06-16,9,14.13820643164047,1981
1981-08-03,1981-08-04,2,0.8699439843749559,1981
1981-09-20,1981-09-23,4,6.867670109375009,1981
1981-10-05,1981-10-05,1,0.15598151953122752,1981
1981-10-07,1981-10-07,1,0.8718926855468538,1981
1981-10-10,1981-10-11,2,3.6192753085937603,1981
1981-10-19,1981-10-19,1,0.8266665703124758,1981
1981-10-21,1981-10-21,1,0.825292611328102,1981
1981-11-02,1981-11-04,3,2.9620246132811765,1981
1981-11-21,1981-11-25,5,10.288849183593632,1981
1981-11-28,1981-11-28,1,0.1478641445312281,1981
1981-12-01,1981-12-01,1,0.14868763671872642,1981
1981-12-05,1981-12-05,1,0.990912341796852,1981
1981-12-08,1981-12-10,3,11.73164746484368,1981
1981-12-12,1981-12-12,1,2.916570626953103,1981
1981-12-15,1981-12-19,5,9.275452970703011,1981
1981-12-29,1981-12-31,3,7.231585783203057,1981
1982-01-01,1982-01-06,6,19.146459726562362,1982
1982-01-10,1982-01-10,1,0.875677064453102,1982
1982-01-12,1982-01-12,1,1.4101622519531016,1982
1982-01-29,1982-02-01,4,12.308128230468657,1982
1982-02-09,1982-02-09,1,0.6389221347656022,1982
1982-02-18,1982-02-18,1,0.5509702812499757,1982
1982-04-03,1982-04-09,7,7.168653312499831,1982
1982-05-17,1982-05-20,4,4.023432464843648,1982
1982-05-22,1982-05-23,2,0.44816299023433004,1982
1982-05-28,1982-05-29,2,2.0524715156249513,1982
1982-06-01,1982-06-07,7,14.318371294921715,1982
1982-06-10,1982-06-10,1,0.2957826679687301,1982
1982-06-23,1982-06-23,1,1.5603702968749786,1982
1982-06-25,1982-06-26,2,4.971567871093704,1982
1982-07-03,1982-07-04,2,2.9648860839843323,1982
1982-07-06,1982-07-07,2,6.015362355468703,1982
1982-07-10,1982-07-12,3,2.8120298867186833,1982
1982-07-16,1982-07-16,1,1.4247806816406055,1982
1982-07-21,1982-07-22,2,0.4941549804687,1982
1982-08-16,1982-08-16,1,0.22925449023435363,1982
1982-09-05,1982-09-06,2,2.166639587890586,1982
1982-09-12,1982-09-23,12,15.186136730468572,1982
1982-09-25,1982-09-29,5,7.691163011718626,1982
1982-10-14,1982-10-14,1,0.35645100976559974,1982
1982-10-23,1982-10-23,1,1.194433466796852,1982
1982-11-02,1982-11-02,1,1.0733095097656005,1982
1982-11-09,1982-11-09,1,0.9635071132812278,1982
1982-11-11,1982-11-13,3,4.391344783203056,1982
1982-11-25,1982-12-04,10,29.199248714843513,1982
1982-12-08,1982-12-11,4,10.451409949218656,1982
1982-12-14,1982-12-14,1,1.2366394257812274,1982
1982-12-16,1982-12-19,4,12.79229125390616,1982
1982-12-21,1982-12-21,1,1.2229978222656026,1982
1982-12-25,1982-12-29,5,9.474121777343635,1982
1983-01-01,1983-01-19,19,65.40624518749968,1983
1983-01-22,1983-02-01,11,40.70792353710924,1983
1983-03-07,1983-03-07,1,1.5463937207031009,1983
1983-03-09,1983-03-11,3,4.0088986601562375,1983
1983-03-19,1983-03-19,1,0.13867814648435228,1983
1983-03-22,1983-03-22,1,1.3281009472656002,1983
1983-04-07,1983-04-11,5,8.077698091796755,1983
1983-04-21,1983-04-22,2,1.6646855175781354,1983
1983-04-24,1983-04-24,1,0.30411418164059967,1983
1983-05-01,1983-05-01,1,2.08353256640628,1983
1983-05-04,1983-05-04,1,0.03326981835935072,1983
1983-05-14,1983-05-15,2,2.6218707724607064,1983
1983-05-21,1983-05-21,1,3.5328737128905985,1983
1983-06-01,1983-06-06,6,13.292605863281121,1983
1983-06-09,1983-06-10,2,2.136242869140581,1983
1983-07-13,1983-07-13,1,0.02072681640627394,1983
1983-07-18,1983-07-21,4,7.967096478515536,1983
1983-07-23,1983-08-02,11,29.547710982421634,1983
1983-09-22,1983-09-25,4,7.02337115820308,1983
1983-10-01,1983-10-01,1,1.0627199980468518,1983
1983-10-04,1983-10-06,3,2.4586673378905495,1983
1983-10-09,1983-10-11,3,4.808001097656234,1983
1983-10-16,1983-10-16,1,2.290686443359352,1983
1983-10-31,1983-10-31,1,0.13217738085935338,1983
1983-11-03,1983-11-06,4,1.1328372851562136,1983
1983-11-11,1983-11-11,1,0.5990053828124786,1983
1983-11-27,1983-11-30,4,16.811791664062405,1983
1983-12-11,1983-12-11,1,0.7314819843749749,1983
1983-12-17,1983-12-31,15,61.836059066405916,1983
1984-01-01,1984-01-05,5,14.363311240234262,1984
1984-01-08,1984-01-08,1,0.6738346914062845,1984
1984-01-14,1984-01-18,5,11.373016724609261,1984
1984-01-23,1984-01-23,1,0.5535954140624781,1984
1984-02-03,1984-02-04,2,3.258587783203078,1984
1984-02-06,1984-02-08,3,9.858264242187431,1984
1984-02-11,1984-02-11,1,1.7502807519531025,1984
1984-04-23,1984-04-24,2,3.2529112636718267,1984
1984-04-27,1984-04-27,1,1.6457274062499785,1984
1984-07-11,1984-07-14,4,8.784205999999955,1984
1984-07-23,1984-07-23,1,0.27896722070310176,1984
1984-08-05,1984-08-05,1,0.604315529296855,1984
1984-10-19,1984-10-19,1,0.6599185703124775,1984
1984-10-26,1984-10-26,1,1.380926607421852,1984
1984-11-01,1984-11-01,1,0.20932585546872318,1984
1984-11-06,1984-11-06,1,0.13062186523435315,1984
1984-11-10,1984-11-10,1,0.019537583984352125,1984
1984-11-23,1984-11-27,5,12.302889091796759,1984
1984-12-01,1984-12-04,4,9.077081535156154,1984
1984-12-06,1984-12-22,17,38.02528044531211,1984
1984-12-28,1984-12-28,1,0.07861965820310246,1984
1985-01-16,1985-01-16,1,2.2750607363281024,1985
1985-01-24,1985-01-24,1,0.7432926542968517,1985
1985-01-31,1985-02-03,4,13.20568254687491,1985
1985-02-06,1985-02-07,2,4.86646659960933,1985
1985-04-03,1985-04-03,1,0.09476269921872316,1985
1985-04-05,1985-04-05,1,1.2585206796874786,1985
1985-04-08,1985-04-10,3,2.8349793847655533,1985
1985-04-23,1985-04-23,1,0.7560790820312278,1985
1985-06-06,1985-06-07,2,0.8618573671874508,1985
1985-07-14,1985-07-15,2,1.0115771992187064,1985
1985-07-20,1985-07-20,1,0.08222060546872711,1985
1985-07-24,1985-07-30,7,8.241893660156094,1985
1985-08-13,1985-08-17,5,12.152710035156133,1985
1985-08-20,1985-08-25,6,4.464332541015537,1985
1985-09-03,1985-09-03,1,0.0029966933593499334,1985
1985-09-06,1985-09-06,1,0.4869762792968544,1985
1985-09-18,1985-09-19,2,2.097363734374955,1985
1985-09-21,1985-10-13,23,65.21364126757769,1985
1985-10-15,1985-10-15,1,1.7237001562499756,1985
1985-11-01,1985-11-01,1,1.619939855468722,1985
1985-11-06,1985-11-06,1,0.31470386523435323,1985
1985-11-10,1985-11-11,2,2.966869966796832,1985
1985-12-02,1985-12-23,22,64.95078933593699,1985
1985-12-26,1985-12-29,4,11.377403980468658,1985
1986-01-04,1986-01-04,1,0.8555972480468519,1986
1986-01-07,1986-01-07,1,0.04120491015628325,1986
1986-01-09,1986-01-10,2,0.6851319374999552,1986
1986-01-12,1986-01-12,1,0.48868425195310294,1986
1986-01-14,1986-01-16,3,6.888506794921808,1986
1986-01-19,1986-01-20,2,7.0026059199218285,1986
1986-01-24,1986-01-24,1,0.8222416542968531,1986
1986-01-31,1986-01-31,1,0.9446168613281021,1986
1986-02-02,1986-02-02,1,0.1840884140624759,1986
1986-04-01,1986-04-01,1,0.041021453124976404,1986
1986-04-04,1986-04-04,1,1.006903074218723,1986
1986-04-07,1986-04-07,1,1.7981013496093539,1986
1986-05-12,1986-05-24,13,24.61229264160107,1986
1986-05-27,1986-05-29,3,4.472399572265548,1986
1986-06-22,1986-06-23,2,2.301617310546831,1986
1986-06-28,1986-06-29,2,1.5727656367186995,1986
1986-07-05,1986-07-05,1,0.34647131835934886,1986
1986-08-03,1986-08-05,3,2.3429475136718096,1986
1986-08-12,1986-08-12,1,0.34531308593747667,1986
1986-08-17,1986-08-18,2,1.1562923007812032,1986
1986-08-23,1986-08-23,1,0.41052900195310116,1986
1986-09-15,1986-09-18,4,5.048119988281151,1986
1986-10-03,1986-10-09,7,11.307293251952963,1986
1986-10-12,1986-10-12,1,0.15472975781247555,1986
1986-10-20,1986-10-20,1,0.9531612226562807,1986
1986-10-22,1986-10-23,2,5.818311624999954,1986
1986-11-06,1986-11-06,1,0.2815308652343518,1986
1986-11-12,1986-11-24,13,17.006273416015382,1986
1986-11-26,1986-11-27,2,3.873059050781203,1986
1986-11-29,1986-11-29,1,0.7512576074218522,1986
1986-12-02,1986-12-06,5,9.906616470703005,1986
1986-12-08,1986-12-08,1,0.41712048632810195,1986
1986-12-10,1986-12-11,2,1.9144712656249503,1986
1986-12-15,1986-12-19,5,8.11306647070301,1986
1986-12-28,1986-12-31,4,14.95189844140616,1986
1987-01-01,1987-01-03,3,9.956133828124933,1987
1987-01-05,1987-01-06,2,3.049176150390581,1987
1987-01-11,1987-01-11,1,0.11670573828122777,1987
1987-01-14,1987-01-14,1,0.2754275117187266,1987
1987-01-24,1987-01-24,1,2.9511776542968526,1987
1987-01-26,1987-01-26,1,0.38028534570310235,1987
1987-01-28,1987-01-29,2,1.4276864707031365,1987
1987-02-07,1987-02-07,1,3.0401367617187276,1987
1987-02-09,1987-02-09,1,2.0063846347656025,1987
1987-02-11,1987-02-14,4,6.454553138671782,1987
1987-03-01,1987-03-02,2,3.4242066171874512,1987
1987-04-04,1987-04-04,1,0.1444460742187239,1987
1987-04-18,1987-04-20,3,2.398515966796861,1987
1987-04-25,1987-04-26,2,0.15961867382807782,1987
1987-05-01,1987-05-03,3,6.542344650390611,1987
1987-06-14,1987-06-14,1,0.32349206054685453,1987
1987-06-30,1987-07-02,3,4.550981718749931,1987
1987-07-14,1987-07-15,2,0.8150741992187065,1987
1987-07-24,1987-07-25,2,1.7226686972655827,1987
1987-08-15,1987-08-15,1,2.990636777343724,1987
1987-08-19,1987-08-21,3,2.9668135898436816,1987
1987-08-24,1987-08-24,1,1.190435478515603,1987
1987-08-31,1987-09-02,3,2.3957702695311838,1987
1987-09-05,1987-09-05,1,0.5643663085937263,1987
1987-09-12,1987-09-27,16,72.60535499804661,1987
1987-10-11,1987-10-11,1,2.3882205234374787,1987
1987-10-15,1987-10-18,4,1.8975461074217854,1987
1987-10-25,1987-10-26,2,1.5014157988281305,1987
1987-11-11,1987-11-11,1,2.292212382812476,1987
1987-11-13,1987-11-14,2,4.205884033203079,1987
1987-11-17,1987-11-21,5,5.547759820312383,1987
1987-11-24,1987-11-24,1,0.8554748574218518,1987
1987-11-27,1987-11-27,1,0.14664299218747523,1987
1987-11-30,1987-12-01,2,1.6482360566405792,1987
1987-12-05,1987-12-08,4,3.188959052734285,1987
1987-12-15,1987-12-24,10,41.5250560253904,1987
1987-12-26,1987-12-31,6,19.94693647460924,1987
1988-01-01,1988-01-08,8,18.633105328124934,1988
1988-01-12,1988-01-23,12,28.482494740234102,1988
1988-01-26,1988-01-31,6,15.828101572265602,1988
1988-02-06,1988-02-08,3,13.745684742187432,1988
1988-02-11,1988-02-12,2,2.1601995156249547,1988
1988-03-22,1988-03-22,1,0.9622559472656,1988
1988-03-25,1988-03-26,2,1.7207769511718318,1988
1988-04-19,1988-04-19,1,1.2892520351562808,1988
1988-04-23,1988-04-23,1,1.648962082031229,1988
1988-05-06,1988-05-09,4,4.7552419902342855,1988
1988-07-21,1988-07-29,9,15.203209472656056,1988
1988-08-01,1988-08-03,3,7.570971216796806,1988
1988-08-09,1988-08-21,13,19.979817314452887,1988
1988-09-05,1988-09-06,2,3.508006587890577,1988
1988-09-26,1988-10-03,8,8.040303183593565,1988
1988-10-07,1988-10-07,1,0.579992685546852,1988
1988-10-10,1988-10-10,1,0.5977547851562797,1988
1988-10-12,1988-10-20,9,19.513451341796717,1988
1988-10-29,1988-10-29,1,1.6454832695312263,1988
1988-11-14,1988-11-15,2,3.488262785156259,1988
1988-11-19,1988-11-19,1,2.4466612910156016,1988
1988-11-30,1988-12-06,7,22.22706302734359,1988
1988-12-09,1988-12-15,7,19.40943519921859,1988
1988-12-19,1988-12-20,2,7.758923828124955,1988
1988-12-23,1988-12-31,9,29.886070044921667,1988
1989-01-01,1989-01-02,2,4.638775378906205,1989
1989-01-07,1989-01-20,14,40.98125537499979,1989
1989-01-23,1989-01-23,1,0.39694841406247683,1989
1989-01-28,1989-02-02,6,9.751562679687416,1989
1989-02-05,1989-02-09,5,7.64370800585932,1989
1989-02-12,1989-02-13,2,4.461437849609327,1989
1989-02-16,1989-02-16,1,1.8077449941406023,1989
1989-02-19,1989-02-26,8,24.524523085937314,1989
1989-02-28,1989-02-28,1,0.15292973437497537,1989
1989-03-04,1989-03-04,1,1.9975948906249759,1989
1989-03-11,1989-03-13,3,4.712726874999934,1989
1989-03-18,1989-03-18,1,0.1291252636718525,1989
1989-03-26,1989-04-04,10,22.380126291015387,1989
1989-04-10,1989-04-11,2,2.8892338554687065,1989
1989-04-16,1989-04-16,1,0.17450548632810126,1989
1989-05-05,1989-05-06,2,3.1019412363280736,1989
1989-05-10,1989-05-13,4,2.7627805820311586,1989
1989-05-21,1989-05-22,2,1.1013615019530754,1989
1989-05-28,1989-05-30,3,0.622516419921805,1989
1989-08-16,1989-08-17,2,2.9762997343749547,1989
1989-08-20,1989-08-22,3,2.203205177734361,1989
1989-09-20,1989-09-23,4,2.310084109375012,1989
1989-10-22,1989-11-05,15,32.50695777929663,1989
1989-11-15,1989-11-15,1,0.47647675390628486,1989
1989-11-28,1989-11-28,1,0.11939114453122812,1989
1989-12-14,1989-12-26,13,62.047320205077824,1989
1990-01-11,1990-01-24,14,21.84771113281218,1990
1990-01-26,1990-02-09,15,33.5106506308592,1990
1990-02-13,1990-02-15,3,23.354816400390554,1990
1990-02-20,1990-03-01,10,43.61422729492164,1990
1990-03-06,1990-03-08,3,6.47133293749993,1990
1990-03-10,1990-03-25,16,56.67877929101526,1990
1990-05-01,1990-05-11,11,8.30454170507792,1990
1990-05-13,1990-05-19,7,12.621872598632457,1990
1990-05-22,1990-05-23,2,1.2404599902343278,1990
1990-06-26,1990-06-26,1,0.20249067578122748,1990
1990-06-28,1990-07-01,4,5.379388412109286,1990
1990-07-17,1990-07-17,1,0.8772044335937252,1990
1990-07-22,1990-07-23,2,0.9644919179687079,1990
1990-08-03,1990-08-03,1,0.5708987910156011,1990
1990-08-21,1990-08-21,1,1.1631511816406004,1990
1990-08-28,1990-08-28,1,0.5124572792968536,1990
1990-08-30,1990-08-31,2,1.3138551660155784,1990
1990-09-22,1990-09-24,3,5.426470632812482,1990
1990-10-01,1990-10-02,2,1.1197028808593288,1990
1990-10-13,1990-10-18,6,9.953862791015489,1990
1990-10-30,1990-10-30,1,1.8173585957031015,1990
1990-11-16,1990-11-19,4,6.406824798828033,1990
1990-11-21,1990-11-26,6,19.77609824218736,1990
1990-12-09,1990-12-10,2,1.4164549785155778,1990
1990-12-14,1990-12-14,1,0.344976425781228,1990
1990-12-28,1990-12-28,1,0.07773465820310221,1990
1990-12-30,1990-12-31,2,2.186596494140579,1990
1991-01-01,1991-01-05,5,11.37524424023426,1991
1991-01-07,1991-01-15,9,17.310479289062407,1991
1991-02-22,1991-02-27,6,9.833014435546739,1991
1991-03-04,1991-03-10,7,6.953075892578019,1991
1991-03-16,1991-03-22,7,12.899456412109213,1991
1991-03-24,1991-03-25,2,3.1816221054687013,1991
1991-04-03,1991-04-04,2,1.2565417734374478,1991
1991-04-10,1991-04-10,1,0.2949894980468528,1991
1991-04-15,1991-04-16,2,1.9054984570312072,1991
1991-06-24,1991-06-27,4,4.159143099609288,1991
1991-07-03,1991-07-09,7,9.448986312499848,1991
1991-07-11,1991-07-14,4,5.569237999999956,1991
1991-07-19,1991-07-19,1,0.0753832519530988,1991
1991-07-21,1991-07-21,1,0.9256052832031045,1991
1991-08-07,1991-08-12,6,7.314672873046796,1991
1991-08-18,1991-08-18,1,0.3011830566406033,1991
1991-08-24,1991-08-27,4,4.2217039687499,1991
1991-09-05,1991-09-07,3,3.637439439453061,1991
1991-09-11,1991-09-12,2,1.8071717558593292,1991
1991-09-16,1991-09-23,8,10.093219503906163,1991
1991-09-25,1991-09-26,2,2.004101861328074,1991
1991-09-29,1991-09-30,2,2.024914123046827,1991
1991-11-13,1991-11-13,1,1.2913570019531022,1991
1991-11-21,1991-11-21,1,0.7238829003906027,1991
1991-11-24,1991-11-25,2,2.2767148144530793,1991
1991-11-29,1991-11-29,1,1.6807926074218518,1991
1991-12-05,1991-12-05,1,1.5987613417968518,1991
1991-12-14,1991-12-15,2,3.2036256425780785,1991
1991-12-18,1991-12-25,8,25.724597302734196,1991
1991-12-27,1991-12-28,2,5.285869734374954,1991
1991-12-30,1991-12-31,2,4.620831494140578,1991
1992-01-02,1992-01-13,12,24.63602895507796,1992
1992-01-15,1992-01-17,3,10.270495404296808,1992
1992-01-23,1992-01-26,4,5.145837521484285,1992
1992-01-29,1992-02-01,4,13.008691230468655,1992
1992-02-03,1992-02-10,8,15.5363042441405,1992
1992-02-12,1992-02-16,5,9.36700415820301,1992
1992-02-22,1992-02-22,1,0.015631332031226464,1992
1992-02-24,1992-02-24,1,1.300940349609352,1992
1992-02-26,1992-02-26,1,0.2793330371093514,1992
1992-02-28,1992-03-07,9,9.63473018749978,1992
1992-03-13,1992-03-16,4,12.728814660156154,1992
1992-03-20,1992-03-21,2,4.627697789062452,1992
1992-03-23,1992-03-23,1,2.095373582031229,1992
1992-04-20,1992-04-20,1,1.801672236328102,1992
1992-04-23,1992-04-23,1,2.298010082031226,1992
1992-04-25,1992-04-28,4,12.516473498046778,1992
1992-05-04,1992-05-04,1,1.0023868183593514,1992
1992-05-06,1992-05-11,6,10.117407177734233,1992
1992-05-13,1992-05-18,6,20.46820975878873,1992
1992-05-25,1992-05-26,2,2.0171934453124507,1992
1992-05-28,1992-05-28,1,1.2055116835937234,1992
1992-06-01,1992-06-02,2,2.22044065429683,1992
1992-07-24,1992-07-24,1,0.32819192968747757,1992
1992-07-26,1992-07-28,3,4.470995863281182,1992
1992-07-31,1992-08-04,5,6.499756085937385,1992
1992-08-06,1992-08-09,4,10.15859167578116,1992
1992-08-17,1992-08-29,13,31.233176343749754,1992
1992-09-12,1992-09-23,12,10.503522730468568,1992
1992-10-17,1992-10-17,1,1.1385255957031006,1992
1992-10-29,1992-10-29,1,0.46796226953122755,1992
1992-11-02,1992-11-02,1,0.07669650976559694,1992
1992-11-05,1992-11-05,1,0.5530153164062845,1992
1992-11-07,1992-11-07,1,0.9427251035156026,1992
1992-11-16,1992-11-16,1,2.883245583984351,1992
1992-11-22,1992-11-29,8,22.043658085937313,1992
1992-12-02,1992-12-06,5,18.294860970703006,1992
1992-12-08,1992-12-10,3,4.655291464843678,1992
1992-12-12,1992-12-12,1,0.9088496269531028,1992
1992-12-16,1992-12-18,3,1.868670330078059,1992
1992-12-20,1992-12-23,4,3.4356019316405337,1992
1993-01-06,1993-01-25,20,65.66629126562465,1993
1993-01-27,1993-01-28,2,6.259533851562569,1993
1993-02-01,1993-02-07,7,18.658764281249894,1993
1993-02-14,1993-02-14,1,0.2651125371093528,1993
1993-02-19,1993-02-19,1,0.3646608632812267,1993
1993-02-21,1993-02-21,1,0.2057856640624749,1993
1993-03-17,1993-03-23,7,18.885968433593586,1993
1993-04-19,1993-04-19,1,0.494086035156279,1993
1993-04-21,1993-04-21,1,0.35669526367185256,1993
1993-04-24,1993-04-24,1,0.8717411816405978,1993
1993-04-26,1993-04-27,2,2.844829820312455,1993
1993-05-04,1993-05-04,1,0.5953128183593535,1993
1993-05-08,1993-05-10,3,2.5355706796874316,1993
1993-05-18,1993-05-20,3,1.0964232324218024,1993
1993-05-24,1993-06-02,10,16.767485003906067,1993
1993-06-05,1993-06-11,7,22.640085775390506,1993
1993-06-20,1993-06-20,1,0.9739436894531011,1993
1993-07-04,1993-07-05,2,4.18342043945308,1993
1993-07-17,1993-07-19,3,1.3899730234374346,1993
1993-07-29,1993-07-31,3,2.4348017753905538,1993
1993-08-03,1993-08-06,4,8.486048335937404,1993
1993-08-14,1993-08-18,5,6.72906551953114,1993
1993-08-20,1993-08-24,5,11.448058658203067,1993
1993-09-22,1993-09-23,2,3.016643562500004,1993
1993-10-12,1993-10-14,3,4.32561044140618,1993
1993-11-05,1993-11-05,1,0.5015933164062858,1993
1993-11-07,1993-11-07,1,0.5000371035156022,1993
1993-12-03,1993-12-06,4,4.832483345703029,1993
1993-12-08,1993-12-22,15,42.079224220702784,1993
1993-12-24,1993-12-25,2,8.10816691992183,1993
1993-12-31,1993-12-31,1,0.5260989218749774,1993
1994-01-01,1994-01-01,1,2.918920501953103,1994
1994-01-03,1994-01-03,1,1.588903949218727,1994
1994-01-05,1994-01-16,12,46.32987367578109,1994
1994-01-18,1994-01-18,1,0.5409298085937273,1994
1994-01-20,1994-01-20,1,1.133917414062477,1994
1994-01-24,1994-01-28,5,15.382110958984375,1994
1994-01-30,1994-01-31,2,3.4844179394530777,1994
1994-02-03,1994-02-09,7,13.092113789062397,1994
1994-02-28,1994-03-02,3,2.671618351562426,1994
1994-03-04,1994-03-04,1,1.5103828906249763,1994
1994-03-08,1994-03-16,9,21.696160892577975,1994
1994-03-20,1994-03-20,1,2.4462642089843527,1994
1994-03-22,1994-03-26,5,13.184662929687377,1994
1994-03-30,1994-04-01,3,5.872364636718679,1994
1994-04-28,1994-05-01,4,6.11449551367183,1994
1994-05-17,1994-05-17,1,1.6232662324218516,1994
1994-05-25,1994-05-25,1,0.5356509824218527,1994
1994-06-01,1994-06-04,4,5.964258099609282,1994
1994-06-08,1994-06-08,1,0.38046859765627516,1994
1994-06-23,1994-06-24,2,1.5457887441405802,1994
1994-06-26,1994-06-26,1,1.6976376757812304,1994
1994-06-30,1994-07-01,2,2.080854775390577,1994
1994-07-03,1994-07-05,3,6.0805854023436865,1994
1994-07-17,1994-07-18,2,3.1964547714843263,1994
1994-07-24,1994-07-26,3,1.8323251113280605,1994
1994-07-29,1994-08-06,9,14.968252537109166,1994
1994-08-08,1994-08-11,4,4.1086958984374675,1994
1994-08-20,1994-08-24,5,6.426177658203059,1994
1994-08-28,1994-08-29,2,1.1358762597655812,1994
1994-09-07,1994-09-08,2,0.8819400390624565,1994
1994-09-12,1994-09-14,3,5.250568134765558,1994
1994-09-24,1994-09-25,2,1.1011475957030754,1994
1994-09-30,1994-10-03,4,3.594994697265534,1994
1994-10-26,1994-10-26,1,0.25836760742185305,1994
1994-11-01,1994-11-01,1,1.5123348554687226,1994
1994-11-03,1994-11-05,3,4.810015419921861,1994
1994-11-07,1994-11-07,1,0.9281371035156027,1994
1994-11-09,1994-11-10,2,0.6766776972655784,1994
1994-11-12,1994-11-12,1,0.6578733984374772,1994
1994-11-15,1994-12-01,17,36.76240330078092,1994
1994-12-04,1994-12-15,12,42.25340079882785,1994
1994-12-17,1994-12-17,1,0.7261112890624766,1994
1994-12-20,1994-12-21,2,3.040631726562454,1994
1994-12-23,1994-12-24,2,3.539411273437455,1994
1994-12-27,1994-12-31,5,12.121368517578011,1994
1995-01-01,1995-01-01,1,2.1323605019531016,1995
1995-01-10,1995-01-11,2,10.08231830273433,1995
1995-01-23,1995-01-26,4,7.8152095214842845,1995
1995-01-29,1995-01-31,3,2.94905437499993,1995
1995-02-05,1995-02-15,11,23.53076937695293,1995
1995-02-17,1995-02-18,2,2.9527706835937018,1995
1995-02-21,1995-02-21,1,0.0682736640624757,1995
1995-02-23,1995-02-23,1,1.084387492187476,1995
1995-02-25,1995-02-25,1,0.760778511718728,1995
1995-03-19,1995-03-19,1,1.9725101464843533,1995
1995-03-26,1995-03-26,1,0.3414982949218519,1995
1995-04-01,1995-04-08,8,21.10011482031231,1995
1995-04-12,1995-04-12,1,0.13117064648435317,1995
1995-04-18,1995-04-18,1,0.8765016953124771,1995
1995-04-21,1995-04-21,1,0.047735263671853545,1995
1995-04-24,1995-04-24,1,0.9335391816405973,1995
1995-05-01,1995-05-01,1,0.0888125664062791,1995
1995-05-05,1995-05-09,5,8.979400048828008,1995
1995-05-28,1995-05-30,3,2.7422064199218035,1995
1995-06-21,1995-06-21,1,0.8169310917968531,1995
1995-07-01,1995-07-02,2,1.204541304687453,1995
1995-07-10,1995-07-10,1,0.32535454101559935,1995
1995-07-13,1995-07-14,2,1.806194654296874,1995
1995-07-19,1995-07-23,5,8.06378405859364,1995
1995-07-26,1995-07-28,3,4.248766863281183,1995
1995-10-06,1995-10-21,16,19.704017234374728,1995
1995-10-28,1995-11-02,6,5.732184570312359,1995
1995-11-07,1995-11-07,1,2.4808711035156037,1995
1995-11-13,1995-11-17,5,15.262788060546809,1995
1995-11-26,1995-11-28,3,3.95164819531243,1995
1995-12-08,1995-12-08,1,0.05426648632810149,1995
1995-12-10,1995-12-10,1,0.35822128124997477,1995
1995-12-12,1995-12-12,1,2.142889626953103,1995
1995-12-16,1995-12-26,11,35.71106456249975,1995
1995-12-31,1995-12-31,1,1.9981139218749764,1995
1996-01-01,1996-01-03,3,6.315569328124932,1996
1996-01-08,1996-01-15,8,31.793719878906124,1996
1996-01-24,1996-01-24,1,1.0206666542968517,1996
1996-01-26,1996-01-29,4,3.670983632812522,1996
1996-02-17,1996-02-17,1,1.9234074023437273,1996
1996-02-19,1996-02-19,1,0.4830993632812266,1996
1996-03-25,1996-03-25,1,0.16879865624997592,1996
1996-04-07,1996-04-07,1,0.21896934960935255,1996
1996-04-18,1996-04-23,6,12.316685566406221,1996
1996-05-08,1996-05-08,1,0.24017898242185254,1996
1996-05-19,1996-05-19,1,0.5906428398437242,1996
1996-06-01,1996-06-01,1,1.481482091796849,1996
1996-06-04,1996-06-13,10,35.48151007812482,1996
1996-06-18,1996-06-18,1,0.5465144550781034,1996
1996-07-24,1996-07-24,1,0.8362779296874763,1996
1996-11-05,1996-11-05,1,2.217444316406283,1996
1996-11-11,1996-11-18,8,26.40687807617175,1996
1996-12-02,1996-12-02,1,0.19534912499997503,1996
1996-12-09,1996-12-16,8,14.68757971289044,1996
1996-12-18,1996-12-25,8,19.074054802734192,1996
1997-01-04,1997-01-07,4,3.6004573085937164,1997
1997-01-10,1997-01-18,9,15.492820980468544,1997
1997-01-20,1997-01-25,6,7.423254818359236,1997
1997-02-06,1997-02-06,1,0.12921783789060193,1997
1997-02-09,1997-02-13,5,9.331635691406136,1997
1997-02-20,1997-02-20,1,2.866674335937475,1997
1997-02-22,1997-02-27,6,13.112188435546736,1997
1997-03-02,1997-03-07,6,11.522648703124858,1997
1997-03-13,1997-03-19,7,17.670482775390465,1997
1997-03-27,1997-03-28,2,3.3470579296874554,1997
1997-04-02,1997-04-04,3,5.360796968749927,1997
1997-04-06,1997-04-06,1,2.3075016230468535,1997
1997-04-11,1997-04-11,1,3.286688357421852,1997
1997-04-15,1997-04-15,1,1.1383419707031024,1997
1997-05-03,1997-05-04,2,2.656262708984329,1997
1997-05-14,1997-05-20,7,17.61540121386684,1997
1997-05-30,1997-05-30,1,0.10269790429685344,1997
1997-06-08,1997-06-08,1,0.07327859765627665,1997
1997-06-11,1997-06-12,2,2.207132855468707,1997
1997-06-14,1997-06-17,4,3.995996150390539,1997
1997-08-15,1997-08-15,1,0.551246777343728,1997
1997-08-28,1997-08-28,1,0.12528127929684985,1997
1997-09-03,1997-09-07,5,4.908234667968685,1997
1997-09-09,1997-09-10,2,1.73615675585933,1997
1997-09-13,1997-09-13,1,1.9943605273437264,1997
1997-09-20,1997-09-20,1,0.3038385351562809,1997
1997-09-30,1997-10-03,4,13.573754697265532,1997
1997-10-05,1997-10-05,1,0.851110519531229,1997
1997-10-07,1997-10-12,6,17.56079690234367,1997
1997-11-06,1997-11-09,4,9.703821312499908,1997
1997-11-11,1997-11-12,2,3.662976781249956,1997
1997-11-26,1997-12-02,7,10.793042484374837,1997
1997-12-04,1997-12-04,1,0.4024720468749763,1997
1997-12-10,1997-12-13,4,9.800500859374905,1997
1997-12-19,1997-12-29,11,28.660497755859126,1997
1998-01-01,1998-01-22,22,49.79279783007774,1998
1998-02-11,1998-02-17,7,33.48966731249983,1998
1998-02-19,1998-03-01,11,13.336036158202868,1998
1998-03-04,1998-03-05,2,4.791363513671827,1998
1998-03-07,1998-03-09,3,4.966966861328114,1998
1998-03-15,1998-03-19,5,4.398589990234264,1998
1998-04-01,1998-04-05,5,7.718872101562376,1998
1998-04-24,1998-04-27,4,5.940453261718652,1998
1998-05-09,1998-05-14,6,13.887365183593605,1998
1998-05-21,1998-05-22,2,0.8674435019530762,1998
1998-06-03,1998-06-06,4,11.648769208984284,1998
1998-06-10,1998-06-10,1,1.840734667968725,1998
1998-06-21,1998-06-22,2,2.7458011054687077,1998
1998-06-26,1998-06-28,3,5.623673906249934,1998
1998-06-30,1998-07-02,3,5.0665767187499355,1998
1998-07-20,1998-07-25,6,12.216438503906112,1998
1998-07-27,1998-07-27,1,3.4070800761718516,1998
1998-07-30,1998-08-02,4,5.203424490234283,1998
1998-08-04,1998-08-04,1,1.329808193359355,1998
1998-08-09,1998-08-16,8,10.731462423827999,1998
1998-09-11,1998-09-11,1,2.5006778574218558,1998
1998-10-18,1998-10-18,1,0.8723509121093507,1998
1998-10-28,1998-10-29,2,3.0993472285155796,1998
1998-11-04,1998-11-04,1,4.230291371093724,1998
1998-12-13,1998-12-19,7,28.787394863281094,1998
1998-12-21,1998-12-21,1,1.7879698222656017,1998
1999-01-01,1999-01-12,12,34.25727525585921,1999
1999-01-18,1999-01-29,12,15.93766626562484,1999
1999-02-03,1999-02-07,5,15.537109011718691,1999
1999-02-09,1999-02-09,1,0.22626363476560307,1999
1999-02-20,1999-02-22,3,8.86705283203118,1999
1999-03-02,1999-03-04,3,3.6849544042968,1999
1999-03-10,1999-03-15,6,5.817449191406116,1999
1999-03-26,1999-03-26,1,1.1124942949218521,1999
1999-03-31,1999-04-07,8,15.464160601562305,1999
1999-05-01,1999-05-04,4,3.2672674687499637,1999
1999-05-10,1999-05-14,5,11.761535007812384,1999
1999-05-26,1999-06-08,14,33.11138092968727,1999
1999-07-03,1999-07-06,4,6.705070611328033,1999
1999-08-08,1999-08-08,1,0.8177553515624751,1999
1999-08-10,1999-08-10,1,0.5349496289062756,1999
1999-09-10,1999-09-10,1,0.36084761718747416,1999
1999-09-14,1999-09-15,2,0.476787800781203,1999
1999-09-25,1999-09-27,3,2.5719161972655513,1999
1999-10-03,1999-10-03,1,1.3887390781249778,1999
1999-10-25,1999-10-27,3,8.762042025390606,1999
1999-10-29,1999-11-02,5,5.5051876113280045,1999
1999-11-06,1999-11-06,1,0.5323238652343534,1999
1999-12-02,1999-12-05,4,2.8072442402342794,1999
1999-12-10,1999-12-15,6,5.864446501952983,1999
1999-12-26,1999-12-28,3,10.034442191406182,1999
2000-01-02,2000-01-02,1,2.218786876953102,2000
2000-01-04,2000-01-10,7,10.041240937499957,2000
2000-01-15,2000-01-15,1,1.075506546874978,2000
2000-01-17,2000-01-19,3,9.771960435546807,2000
2000-01-21,2000-01-21,1,3.5113277949218524,2000
2000-01-30,2000-02-03,5,21.22525012499988,2000
2000-02-05,2000-02-10,6,17.60956446093742,2000
2000-02-14,2000-02-15,2,2.0809143144530804,2000
2000-02-19,2000-02-20,2,2.354626699218702,2000
2000-02-25,2000-02-25,1,0.5578975117187266,2000
2000-03-01,2000-03-01,1,2.4279541249999763,2000
2000-03-08,2000-03-12,5,15.800659232421822,2000
2000-03-15,2000-03-15,1,1.279822314453103,2000
2000-03-17,2000-03-18,2,3.6180539687499547,2000
2000-03-24,2000-03-25,2,0.8039681054687016,2000
2000-04-18,2000-04-18,1,1.2426206953124783,2000
2000-04-20,2000-04-23,4,16.427117835937462,2000
2000-04-25,2000-04-28,4,7.163567498046778,2000
2000-04-30,2000-05-06,7,10.947947910156145,2000
2000-05-09,2000-05-13,5,9.515472757812383,2000
2000-05-15,2000-05-18,4,9.187071143554409,2000
2000-05-22,2000-05-22,1,0.4595707890624787,2000
2000-05-24,2000-05-29,6,14.4938683476561,2000
2000-05-31,2000-06-06,7,22.47080496093739,2000
2000-06-09,2000-06-10,2,6.295024869140583,2000
2000-06-12,2000-06-16,5,5.008149851562379,2000
2000-06-20,2000-06-23,4,8.120050091796784,2000
2000-07-02,2000-07-08,7,12.332041312499832,2000
2000-08-16,2000-08-25,10,16.1941839667967,2000
2000-09-14,2000-09-16,3,3.12361369921868,2000
2000-09-20,2000-09-20,1,1.4261535351562813,2000
2000-09-28,2000-09-29,2,0.9313478144530762,2000
2000-10-12,2000-10-15,4,1.5328595976561559,2000
2000-10-30,2000-10-31,2,4.178539976562455,2000
2000-11-03,2000-11-03,1,0.27371873242185174,2000
2000-11-07,2000-11-07,1,0.687720103515602,2000
2000-11-14,2000-11-15,2,7.366589785156259,2000
2000-11-17,2000-11-17,1,3.1254946894531024,2000
2000-11-23,2000-11-26,4,3.5364020996092833,2000
2000-11-30,2000-12-16,17,55.69038272070273,2000
2000-12-19,2000-12-19,1,1.5198429238281026,2000
2000-12-25,2000-12-29,5,8.100860777343637,2000
2001-01-03,2001-01-12,10,22.940643376953012,2001
2001-01-20,2001-01-21,2,0.7594422089843302,2001
2001-01-24,2001-01-27,4,5.635063923828092,2001
2001-01-29,2001-01-30,2,1.9305235136718277,2001
2001-02-05,2001-02-05,1,0.3779666289062842,2001
2001-02-07,2001-02-14,8,15.611071132812315,2001
2001-02-18,2001-02-18,1,0.34793728124997614,2001
2001-02-20,2001-02-20,1,1.387701335937475,2001
2001-02-22,2001-02-23,2,7.2191898242187005,2001
2001-03-04,2001-03-04,1,2.515233890624975,2001
2001-03-12,2001-03-12,1,0.24844931054685304,2001
2001-03-19,2001-03-19,1,0.7364251464843505,2001
2001-03-22,2001-03-26,5,13.661376929687375,2001
2001-03-29,2001-03-29,1,0.25052446093747704,2001
2001-04-04,2001-04-04,1,0.16892107421872282,2001
2001-04-29,2001-05-02,4,8.10341728906246,2001
2001-05-06,2001-05-06,1,0.8326471777343514,2001
2001-05-17,2001-05-18,2,1.543224820312453,2001
2001-05-27,2001-05-31,5,14.303193574218685,2001
2001-06-09,2001-06-09,1,0.4331422011718544,2001
2001-06-16,2001-06-16,1,0.7420103046874758,2001
2001-06-25,2001-06-27,3,2.059466652343687,2001
2001-06-30,2001-07-01,2,0.787121775390581,2001
2001-07-03,2001-07-03,1,0.1205199628906044,2001
2001-07-06,2001-07-07,2,1.0945243554687067,2001
2001-07-14,2001-07-15,2,3.139112199218708,2001
2001-07-30,2001-08-04,6,8.277470474609238,2001
2001-08-08,2001-08-08,1,0.3946593515624741,2001
2001-08-15,2001-08-17,3,2.0210145117186826,2001
2001-08-20,2001-08-20,1,0.4187977734374755,2001
2001-08-23,2001-08-29,7,14.88544823046859,2001
2001-10-04,2001-10-09,6,7.475073173827983,2001
2001-10-11,2001-10-24,14,16.7715702402341,2001
2001-10-29,2001-11-01,4,8.289056101562409,2001
2001-11-07,2001-11-08,2,4.021619333984329,2001
2001-11-25,2001-11-26,2,1.4553955156249554,2001
2001-11-28,2001-11-28,1,0.6106631445312267,2001
2001-11-30,2001-11-30,1,0.141454919921852,2001
2001-12-05,2001-12-07,3,10.869860566406182,2001
2001-12-11,2001-12-11,1,0.2103639843749754,2001
2001-12-13,2001-12-13,1,0.5202699667968531,2001
2001-12-29,2001-12-30,2,5.7606018613280785,2001
2002-01-06,2002-01-07,2,2.7818423964843877,2002
2002-01-09,2002-01-13,5,2.3235786289061373,2002
2002-01-20,2002-01-22,3,5.389666142578056,2002
2002-01-24,2002-02-13,21,59.689490949218445,2002
2002-02-19,2002-02-20,2,0.6482971992187014,2002
2002-02-27,2002-03-03,5,6.575134085937382,2002
2002-03-06,2002-03-08,3,4.792253937499929,2002
2002-03-10,2002-03-10,1,0.30734856249997833,2002
2002-03-13,2002-03-14,2,1.7585567851562018,2002
2002-03-16,2002-03-22,7,18.74381641210921,2002
2002-04-01,2002-04-03,3,3.109271347656179,2002
2002-04-26,2002-04-27,2,2.0572638203124534,2002
2002-05-01,2002-05-01,1,0.4284725664062812,2002
2002-05-16,2002-05-18,3,3.601915796874927,2002
2002-05-22,2002-05-22,1,0.240057789062476,2002
2002-05-31,2002-06-02,3,2.700428751953112,2002
2002-06-04,2002-06-04,1,0.4296631562499762,2002
2002-06-13,2002-06-24,12,49.58781111718723,2002
2002-06-27,2002-06-28,2,1.275677230468709,2002
2002-07-02,2002-07-03,2,1.9277169062499553,2002
2002-07-09,2002-07-13,5,6.445253646484311,2002
2002-10-16,2002-10-17,2,3.424786039062454,2002
2002-10-23,2002-10-23,1,1.0313174667968532,2002
2002-10-26,2002-10-26,1,1.4714726074218518,2002
2002-11-04,2002-11-05,2,1.025951687500008,2002
2002-11-14,2002-11-19,6,27.99890758398429,2002
2002-11-21,2002-11-22,2,3.57737414257808,2002
2002-11-24,2002-12-01,8,36.85454017382794,2002
2002-12-03,2002-12-08,6,13.484259826171737,2002
2002-12-13,2002-12-18,6,6.743413939452989,2002
2002-12-23,2002-12-31,9,26.352135544921673,2002
2003-01-01,2003-01-05,5,17.86908024023426,2003
2003-01-14,2003-01-15,2,3.4289060585937055,2003
2003-01-19,2003-01-19,1,0.3704895058593518,2003
2003-01-21,2003-01-25,5,6.257019904296762,2003
2003-01-27,2003-01-28,2,6.219799851562568,2003
2003-03-03,2003-03-03,1,0.4516970214843532,2003
2003-03-10,2003-03-12,3,7.831043091796808,2003
2003-03-29,2003-03-31,3,2.84828464453118,2003
2003-04-16,2003-04-16,1,0.2724364863281039,2003
2003-04-18,2003-04-18,1,0.22946769531247568,2003
2003-04-25,2003-04-26,2,1.4789246738280752,2003
2003-04-29,2003-05-13,15,44.75265462890595,2003
2003-05-18,2003-05-19,2,5.147808427734322,2003
2003-05-24,2003-06-27,35,97.84384373632744,2003
2003-06-30,2003-07-01,2,2.9132827753905772,2003
2003-07-12,2003-07-13,2,2.027141574218753,2003
2003-07-16,2003-07-17,2,2.2967951152343318,2003
2003-07-20,2003-07-23,4,7.859582806640539,2003
2003-07-26,2003-07-28,3,5.781055863281189,2003
2003-08-03,2003-08-24,22,53.59894659374962,2003
2003-08-27,2003-08-30,4,8.171991492187416,2003
2003-09-20,2003-09-22,3,1.3430366992187253,2003
2003-10-03,2003-10-04,2,3.8922847597655768,2003
2003-10-09,2003-10-09,1,1.4686037890624775,2003
2003-11-04,2003-11-04,1,0.8414673710937244,2003
2003-11-19,2003-11-19,1,0.1944332910156028,2003
2003-11-23,2003-11-29,7,16.82249084374984,2003
2003-12-01,2003-12-06,6,20.665899107421737,2003
2003-12-10,2003-12-15,6,10.009283001952987,2003
2003-12-21,2003-12-22,2,2.7699703769530792,2003
2003-12-27,2003-12-27,1,1.016089076171852,2003
2003-12-29,2003-12-31,3,5.151995783203057,2003
2004-01-01,2004-01-01,1,0.8259335019531022,2004
2004-01-10,2004-01-15,6,21.76804181445299,2004
2004-01-17,2004-01-18,2,2.4235959296874547,2004
2004-01-20,2004-01-20,1,1.8481504140624772,2004
2004-02-02,2004-02-09,8,27.27922420312487,2004
2004-02-11,2004-02-11,1,2.405218751953102,2004
2004-02-14,2004-02-15,2,2.48261731445308,2004
2004-03-17,2004-03-21,5,5.925200904296766,2004
2004-04-04,2004-04-05,2,1.9920477539062027,2004
2004-04-23,2004-04-24,2,2.0900382636718255,2004
2004-05-21,2004-05-21,1,0.07883271289059834,2004
2004-06-09,2004-06-12,4,4.203819724609282,2004
2004-06-28,2004-06-28,1,2.504553449218726,2004
2004-07-06,2004-07-06,1,0.04654520898435521,2004
2004-07-08,2004-07-08,1,0.11398961132810115,2004
2004-07-20,2004-07-23,4,7.194666806640534,2004
2004-08-02,2004-08-03,2,0.16377097656245354,2004
2004-09-03,2004-09-05,3,2.8029345371093513,2004
2004-09-08,2004-09-08,1,0.17053818749997873,2004
2004-09-21,2004-09-21,1,0.013708011718723156,2004
2004-09-23,2004-09-23,1,2.331121410156282,2004
2004-10-03,2004-10-10,8,10.86995303710924,2004
2004-10-23,2004-11-06,15,36.56659048632789,2004
2004-11-12,2004-11-13,2,2.1883664003905814,2004
2004-11-18,2004-11-19,2,3.3058895253905796,2004
2004-11-30,2004-12-18,19,29.744410037108935,2004
2004-12-24,2004-12-24,1,0.6783811230468526,2004
2004-12-26,2004-12-29,4,7.186883980468659,2004
2005-01-01,2005-01-02,2,2.684887378906204,2005
2005-01-04,2005-01-13,10,22.59613112890614,2005
2005-01-19,2005-01-19,1,0.5619875058593529,2005
2005-01-21,2005-01-22,2,9.16917122851558,2005
2005-02-01,2005-02-01,1,1.7119508554687268,2005
2005-02-03,2005-02-03,1,1.9021059160156017,2005
2005-02-11,2005-02-13,3,2.8878046015624292,2005
2005-03-17,2005-03-20,4,11.864922324218657,2005
2005-03-24,2005-03-25,2,0.3417791054686994,2005
2005-03-28,2005-03-29,2,0.9635135410155797,2005
2005-04-07,2005-04-07,1,0.8034423496093517,2005
2005-04-29,2005-05-04,6,12.670719998046792,2005
2005-05-26,2005-05-31,6,14.887092037109287,2005
2005-06-03,2005-06-04,2,3.2725044453124568,2005
2005-06-17,2005-06-30,14,33.69625471093718,2005
2005-07-04,2005-07-05,2,0.6481124394530795,2005
2005-07-15,2005-07-15,1,0.09183336132809927,2005
2005-07-18,2005-07-18,1,1.0731863378906041,2005
2005-07-27,2005-07-31,5,8.147612224609261,2005
2005-10-25,2005-10-29,5,2.4094242539061916,2005
2005-11-02,2005-11-05,4,3.3868049296874574,2005
2005-11-08,2005-11-08,1,0.7828122304687284,2005
2005-12-05,2005-12-06,2,0.6270865722655792,2005
2005-12-09,2005-12-09,1,0.4746156972656017,2005
2005-12-13,2005-12-13,1,0.3744569667968527,2005
2005-12-16,2005-12-17,2,4.0881768027343295,2005
2005-12-23,2005-12-23,1,0.0033321503906016403,2005
2006-01-02,2006-01-03,2,3.9921993261718285,2006
2006-01-07,2006-01-07,1,0.015630910156284372,2006
2006-01-18,2006-01-19,2,2.459637314453081,2006
2006-01-22,2006-01-22,1,0.633123933593728,2006
2006-01-28,2006-02-02,6,12.154059679687416,2006
2006-02-17,2006-02-20,4,6.801536882812407,2006
2006-03-04,2006-03-05,2,1.7136965136718292,2006
2006-03-27,2006-03-28,2,1.8337829296874553,2006
2006-03-31,2006-03-31,1,0.46350752734372236,2006
2006-04-02,2006-04-03,2,1.1878168945312026,2006
2006-04-10,2006-04-10,1,0.19443349804685184,2006
2006-04-14,2006-04-16,3,0.8748656015624299,2006
2006-04-20,2006-04-26,7,10.695202691406134,2006
2006-05-14,2006-05-14,1,0.6146604257812278,2006
2006-05-16,2006-05-19,4,5.724970636718648,2006
2006-05-21,2006-05-23,3,2.42723370312493,2006
2006-05-27,2006-05-29,3,8.573290572265549,2006
2006-06-13,2006-07-03,21,51.667889087890146,2006
2006-07-05,2006-07-05,1,0.7226313183593547,2006
2006-07-10,2006-07-12,3,3.9904358867186858,2006
2006-07-20,2006-07-30,11,11.27887746679663,2006
2006-08-01,2006-08-01,1,0.14404924023435228,2006
2006-09-04,2006-09-08,5,7.245271162109319,2006
2006-10-01,2006-10-04,4,4.086846640624902,2006
2006-10-13,2006-10-13,1,0.8537056738281024,2006
2006-10-23,2006-10-30,8,23.593646455078,2006
2006-11-01,2006-11-01,1,1.424078855468725,2006
2006-11-06,2006-11-09,4,6.26366531249991,2006
2006-11-12,2006-11-12,1,2.0996463984374785,2006
2006-11-14,2006-11-22,9,23.942009431640475,2006
2006-11-24,2006-12-01,8,15.090625673827944,2006
2006-12-04,2006-12-19,16,53.49136955273401,2006
2006-12-21,2006-12-26,6,9.559331404296737,2006
2006-12-28,2006-12-29,2,3.0872619472655796,2006
2006-12-31,2006-12-31,1,3.135412921874977,2006
2007-01-01,2007-01-23,23,116.51780874414021,2007
2007-01-28,2007-01-29,2,6.214550470703138,2007
2007-01-31,2007-02-06,7,12.875103380859269,2007
2007-02-08,2007-02-11,4,5.3905879843749105,2007
2007-02-13,2007-02-15,3,7.177325400390554,2007
2007-02-21,2007-03-07,15,25.087615662109023,2007
2007-03-13,2007-03-18,6,9.338049628906113,2007
2007-04-07,2007-04-07,1,0.3805903496093528,2007
2007-04-09,2007-05-01,23,80.62685233007774,2007
2007-05-07,2007-05-15,9,24.656216166991793,2007
2007-05-20,2007-05-27,8,38.96077433984356,2007
2007-06-09,2007-06-10,2,1.1709428691405819,2007
2007-06-15,2007-06-15,1,0.6259213398437282,2007
2007-06-19,2007-06-22,4,10.22631236328116,2007
2007-06-25,2007-06-25,1,0.8655151953124758,2007
2007-07-01,2007-07-02,2,2.039257304687453,2007
2007-07-09,2007-07-09,1,2.0732479433593554,2007
2007-07-15,2007-07-24,10,23.465482802734144,2007
2007-07-27,2007-07-28,2,3.2772954492187054,2007
2007-07-30,2007-07-30,1,0.3285583886718513,2007
2007-08-16,2007-08-16,1,1.6613834902343498,2007
2007-08-26,2007-08-29,4,5.077448867187414,2007
2007-09-17,2007-09-18,2,2.7537329980468286,2007
2007-10-03,2007-10-06,4,4.040918416015529,2007
2007-11-04,2007-11-04,1,0.11603437109372194,2007
2007-11-11,2007-11-11,1,1.8385373828124756,2007
2007-11-23,2007-11-25,3,7.407977041015554,2007
2007-11-30,2007-12-08,9,14.280084007812292,2007
2007-12-11,2007-12-14,4,10.008660503906157,2007
2007-12-20,2007-12-21,2,1.9533197265624551,2007
2007-12-24,2007-12-24,1,0.47290612304685276,2007
2007-12-31,2007-12-31,1,0.6554319218749765,2007
2008-01-04,2008-01-22,19,41.7745615019528,2008
2008-01-25,2008-02-02,9,26.827019949218656,2008
2008-02-05,2008-02-07,3,8.483387228515614,2008
2008-02-23,2008-03-03,10,28.35012810156227,2008
2008-03-12,2008-03-12,1,2.9531923105468536,2008
2008-03-16,2008-03-16,1,2.1245785605468512,2008
2008-04-01,2008-04-02,2,3.218060648437458,2008
2008-04-11,2008-04-11,1,1.6344963574218525,2008
2008-04-19,2008-04-19,1,0.18356903515628176,2008
2008-04-25,2008-04-25,1,1.0970212597655973,2008
2008-04-28,2008-04-28,1,0.9372934179687249,2008
2008-05-04,2008-05-04,1,0.5610108183593532,2008
2008-05-08,2008-05-10,3,2.0381656796874346,2008
2008-05-13,2008-05-14,2,1.6583986152343293,2008
2008-05-16,2008-05-16,1,0.7128059765624783,2008
2008-05-26,2008-05-29,4,8.396173035156146,2008
2008-06-03,2008-06-03,1,0.011236289062477312,2008
2008-06-21,2008-06-27,7,13.297466501952961,2008
2008-06-29,2008-06-30,2,1.1576366015624515,2008
2008-07-03,2008-07-03,1,0.9658569628906051,2008
2008-07-06,2008-07-07,2,1.5987973554687045,2008
2008-07-11,2008-07-13,3,1.734972162109358,2008
2008-07-20,2008-07-20,1,0.6413326054687261,2008
2008-07-30,2008-07-30,1,0.7551633886718534,2008
2008-08-01,2008-08-01,1,0.04968824023435303,2008
2008-08-03,2008-08-05,3,3.5023975136718093,2008
2008-08-08,2008-08-08,1,0.6592773515624799,2008
2008-08-14,2008-08-14,1,0.3149479511718525,2008
2008-08-22,2008-08-22,1,0.45609122265627633,2008
2008-08-27,2008-08-30,4,5.488030492187406,2008
2008-09-02,2008-09-07,6,9.749333638671786,2008
2008-09-09,2008-09-12,4,11.297175511718656,2008
2008-10-10,2008-10-10,1,0.7491207851562791,2008
2008-10-12,2008-10-17,6,12.757178636718606,2008
2008-10-22,2008-10-23,2,2.034588624999955,2008
2008-10-25,2008-10-25,1,1.8566651914062788,2008
2008-10-28,2008-10-29,2,7.334515228515578,2008
2008-10-31,2008-10-31,1,1.158392380859354,2008
2008-11-03,2008-11-07,5,6.5666493886718165,2008
2008-11-12,2008-11-12,1,0.10932039843747887,2008
2008-11-14,2008-11-14,1,0.9391540312499753,2008
2008-11-16,2008-11-17,2,2.313153273437454,2008
2008-11-20,2008-11-21,2,2.9813656054687048,2008
2008-11-30,2008-12-01,2,1.0039185566405795,2008
2008-12-05,2008-12-05,1,0.17066034179685197,2008
2008-12-11,2008-12-25,15,41.16806082617153,2008
2009-01-14,2009-01-16,3,1.5399047949218083,2009
2009-01-18,2009-01-22,5,9.302520957031136,2009
2009-01-25,2009-01-25,1,0.6036441074218519,2009
2009-01-28,2009-01-29,2,0.5487794707031366,2009
2009-02-02,2009-02-02,1,0.29309691406247573,2009
2009-02-04,2009-02-08,5,10.08508223828119,2009
2009-02-10,2009-02-10,1,0.6946164550781031,2009
2009-02-28,2009-02-28,1,0.2259277343749755,2009
2009-04-06,2009-04-10,5,3.876739357421755,2009
2009-04-12,2009-04-16,5,8.089447015624884,2009
2009-04-22,2009-04-23,2,1.55366233593751,2009
2009-05-08,2009-05-14,7,6.299574166015461,2009
2009-05-17,2009-05-27,11,40.50266099999973,2009
2009-05-29,2009-05-29,1,0.7283078320312271,2009
2009-06-03,2009-06-03,1,0.4626212890624757,2009
2009-06-11,2009-06-11,1,0.9431811132812271,2009
2009-06-14,2009-06-16,3,10.311024705078054,2009
2009-06-18,2009-06-19,2,5.469159023437456,2009
2009-07-15,2009-07-17,3,1.9913204765624286,2009
2009-07-22,2009-07-24,3,5.4588188476561825,2009
2009-07-30,2009-07-30,1,0.9905453886718547,2009
2009-08-01,2009-08-02,2,1.141857425781204,2009
2009-08-12,2009-08-12,1,0.10401008593747463,2009
2009-08-16,2009-08-22,7,16.484385603515513,2009
2009-08-26,2009-08-29,4,4.963160867187405,2009
2009-09-02,2009-09-04,3,6.0343501992187285,2009
2009-09-11,2009-09-12,2,0.3419007558593279,2009
2009-09-29,2009-10-01,3,1.8474301210936765,2009
2009-10-05,2009-10-12,8,12.019822558593617,2009
2009-10-29,2009-10-29,1,0.4895992695312259,2009
2009-11-16,2009-12-02,17,31.751690671874602,2009
2009-12-05,2009-12-12,8,11.72188114257794,2009
2009-12-23,2009-12-25,3,7.054950070312431,2009
2009-12-27,2009-12-27,1,0.364783076171852,2009
2009-12-31,2009-12-31,1,3.0134339218749773,2009
2010-01-01,2010-01-01,1,1.0885685019531017,2010
2010-01-08,2010-01-09,2,6.543560564453136,2010
2010-03-26,2010-03-26,1,0.35620729492185177,2010
2010-04-09,2010-04-09,1,0.1349851406249769,2010
2010-04-19,2010-04-21,3,1.0363655351562358,2010
2010-04-25,2010-04-26,2,2.1825986738280747,2010
2010-04-28,2010-05-01,4,3.44747251367183,2010
2010-05-25,2010-05-25,1,0.3353639824218533,2010
2010-06-10,2010-06-13,4,4.030385927734287,2010
2010-07-02,2010-07-04,3,2.667256027343683,2010
2010-07-10,2010-07-17,8,16.282192017577998,2010
2010-07-22,2010-07-23,2,4.2359429179687,2010
2010-08-23,2010-08-24,2,1.7021914804687057,2010
2010-08-27,2010-08-28,2,3.06956101367183,2010
2010-10-05,2010-10-05,1,0.02094151953122747,2010
2010-11-07,2010-11-07,1,0.8523011035156038,2010
2010-11-14,2010-11-17,4,5.4594970585937155,2010
2010-12-07,2010-12-09,3,5.9283321777343065,2010
2010-12-11,2010-12-12,2,0.9142271113280778,2010
2010-12-22,2010-12-25,4,12.732537624999908,2010
2011-01-08,2011-01-19,12,31.003156050781033,2011
2011-02-02,2011-02-03,2,1.404980330078077,2011
2011-02-05,2011-02-09,5,18.51657100585932,2011
2011-02-11,2011-02-12,2,3.595013515624956,2011
2011-02-15,2011-02-15,1,0.13886077734372648,2011
2011-02-18,2011-02-18,1,0.30280128124997496,2011
2011-03-25,2011-03-25,1,0.3741816562499771,2011
2011-04-01,2011-04-12,12,43.492749462890345,2011
2011-04-18,2011-04-27,10,13.50869782812487,2011
2011-05-02,2011-05-02,1,0.5490781933593532,2011
2011-05-08,2011-05-08,1,2.0660159824218525,2011
2011-05-11,2011-05-13,3,6.323993060546805,2011
2011-05-19,2011-05-27,9,17.720665179687273,2011
2011-05-30,2011-05-31,2,0.8614930019531322,2011
2011-06-04,2011-06-04,1,0.4862731562499789,2011
2011-06-22,2011-06-23,2,1.0596433105468321,2011
2011-06-28,2011-06-29,2,1.951887636718702,2011
2011-07-08,2011-07-14,7,13.913221095703015,2011
2011-08-18,2011-08-27,10,34.49896583984358,2011
2011-08-30,2011-08-30,1,0.4266404980468508,2011
2011-09-01,2011-09-01,1,1.40494363085935,2011
2011-09-03,2011-09-04,2,2.899883228515627,2011
2011-09-08,2011-09-18,11,27.123657923827867,2011
2011-09-24,2011-10-07,14,27.63653080273404,2011
2011-10-11,2011-10-13,3,12.794451955078056,2011
2011-11-03,2011-11-06,4,6.637566285156211,2011
2011-11-08,2011-11-10,3,3.2697329277343066,2011
2011-11-23,2011-11-23,1,0.648718226562476,2011
2011-11-26,2011-11-26,1,1.4238040585937277,2011
2011-11-29,2011-12-08,10,16.740357615234142,2011
2011-12-10,2011-12-17,8,17.91646330468732,2011
2011-12-22,2011-12-30,9,17.25023767773417,2011
2012-01-01,2012-01-13,13,31.789416957031072,2012
2012-01-19,2012-01-24,6,27.30267971679674,2012
2012-02-23,2012-02-26,4,14.516228390624907,2012
2012-02-28,2012-03-05,7,21.531903011718583,2012
2012-03-12,2012-03-19,8,11.350176085937317,2012
2012-03-21,2012-04-01,12,33.500042537109096,2012
2012-04-05,2012-04-07,3,5.813067652343683,2012
2012-04-27,2012-05-01,5,6.770233919921807,2012
2012-05-04,2012-05-04,1,0.07474381835935162,2012
2012-05-09,2012-05-12,4,15.42635556835928,2012
2012-05-23,2012-05-24,2,2.946545531249953,2012
2012-05-29,2012-06-03,6,8.931863777343668,2012
2012-06-07,2012-06-08,2,3.5146000292968758,2012
2012-06-16,2012-06-25,10,28.438999507812277,2012
2012-06-28,2012-07-12,15,38.43854055468717,2012
2012-07-14,2012-07-14,1,1.8604798378906011,2012
2012-07-19,2012-07-20,2,4.132062857421829,2012
2012-07-26,2012-07-29,4,5.921014574218653,2012
2012-08-02,2012-08-06,5,4.540191521484267,2012
2012-08-17,2012-08-26,10,31.984621349609192,2012
2012-08-29,2012-08-30,2,1.951397478515581,2012
2012-09-10,2012-09-12,3,1.6044793730468072,2012
2012-09-24,2012-09-27,4,3.8472242675780315,2012
2012-10-06,2012-10-07,2,2.318248822265577,2012
2012-10-20,2012-10-23,4,6.180201458984342,2012
2012-10-27,2012-10-27,1,0.9132142265624772,2012
2012-11-05,2012-11-05,1,1.9098873164062837,2012
2012-11-11,2012-11-13,3,4.490465783203057,2012
2012-11-19,2012-11-29,11,21.27008648242162,2012
2012-12-15,2012-12-16,2,1.7660027304687045,2012
2012-12-18,2012-12-19,2,2.3076904511718297,2012
2012-12-22,2012-12-29,8,17.465381105468566,2012
2012-12-31,2012-12-31,1,1.6172549218749772,2012
2013-01-03,2013-01-09,7,36.17069782226558,2013
2013-01-11,2013-01-11,1,1.8786677382812265,2013
2013-01-14,2013-01-14,1,1.9222165117187267,2013
2013-01-22,2013-01-22,1,0.12387693359372776,2013
2013-01-30,2013-02-02,4,10.41680320898428,2013
2013-04-17,2013-04-19,3,7.408739707031234,2013
2013-04-25,2013-04-26,2,0.4255806738280761,2013
2013-05-01,2013-05-01,1,1.7122555664062808,2013
2013-05-03,2013-05-04,2,1.2435427089843323,2013
2013-05-09,2013-05-09,1,1.7265381757812257,2013
2013-06-17,2013-06-20,4,5.7343071582030305,2013
2013-07-23,2013-07-23,1,0.8047242207031005,2013
2013-07-25,2013-07-28,4,8.022667630859274,2013
2013-08-01,2013-08-08,8,24.214466001952943,2013
2013-08-18,2013-08-19,2,1.6252556914062026,2013
2013-09-07,2013-09-09,3,1.1528511777343056,2013
2013-09-24,2013-09-24,1,0.6371220703124756,2013
2013-09-26,2013-09-29,4,4.972345486328027,2013
2013-10-22,2013-10-31,10,31.87011899414045,2013
2013-11-02,2013-11-07,6,16.16834189843741,2013
2013-11-09,2013-11-13,5,4.599275480468638,2013
2013-11-15,2013-11-15,1,0.6656247539062843,2013
2013-11-19,2013-11-20,2,3.0333989960937036,2013
2013-11-24,2013-11-24,1,0.10080535742185148,2013
2013-12-04,2013-12-07,4,8.145593613281159,2013
2013-12-09,2013-12-31,23,58.62242527929635,2013
2014-01-01,2014-01-01,1,0.49539750195310184,2014
2014-01-03,2014-01-26,24,70.87291997265582,2014
2014-01-30,2014-02-09,11,15.223852498046675,2014
2014-02-11,2014-02-12,2,1.5834475156249557,2014
2014-02-16,2014-02-17,2,0.33726239648433065,2014
2014-02-19,2014-02-19,1,0.28946486328122667,2014
2014-02-21,2014-02-21,1,0.301824664062476,2014
2014-03-08,2014-03-08,1,0.1987362617187287,2014
2014-03-15,2014-03-22,8,17.106340726562316,2014
2014-03-31,2014-04-08,9,16.482294347656026,2014
2014-04-13,2014-04-14,2,2.9104439121093293,2014
2014-04-23,2014-04-26,4,7.8674259374999025,2014
2014-05-10,2014-05-11,2,1.6895571874999504,2014
2014-05-22,2014-05-23,2,2.452191990234329,2014
2014-05-25,2014-05-25,1,0.012976982421850636,2014
2014-06-07,2014-06-13,7,23.432507158203013,2014
2014-07-19,2014-07-20,2,0.8212728574218247,2014
2014-10-02,2014-10-02,1,0.040899882812478694,2014
2014-10-08,2014-10-21,14,46.92897941210916,2014
2014-10-24,2014-10-24,1,0.7461301386718517,2014
2014-11-02,2014-11-05,4,10.205986929687459,2014
2014-11-07,2014-11-17,11,21.986762873046676,2014
2014-11-19,2014-11-19,1,0.21439229101560286,2014
2014-11-23,2014-12-09,17,50.27332954882773,2014
2014-12-11,2014-12-25,15,41.88159332617153,2014
2015-01-02,2015-01-06,5,17.74121022460926,2015
2015-01-09,2015-01-18,10,43.1343378535154,2015
2015-01-20,2015-01-20,1,0.38742641406247813,2015
2015-01-22,2015-01-25,4,9.921166609374911,2015
2015-02-10,2015-02-10,1,0.4432734550781028,2015
2015-02-16,2015-02-16,1,0.7495479941406025,2015
2015-03-11,2015-03-11,1,0.41730321874997856,2015
2015-03-30,2015-03-31,2,2.807355183593703,2015
2015-04-12,2015-04-18,7,14.875074687499836,2015
2015-04-21,2015-04-26,6,5.6654724550780315,2015
2015-05-02,2015-05-02,1,0.8686891933593515,2015
2015-05-05,2015-05-15,11,25.18549540331987,2015
2015-05-17,2015-05-19,3,2.1838556601561763,2015
2015-06-03,2015-06-09,7,18.012067439453023,2015
2015-06-11,2015-06-13,3,6.404348259765555,2015
2015-06-30,2015-07-08,9,29.791163087890425,2015
2015-07-12,2015-07-23,12,36.780161285156034,2015
2015-08-03,2015-08-14,12,23.608838732421646,2015
2015-08-28,2015-09-02,6,20.661351027343606,2015
2015-09-14,2015-09-19,6,13.029516195312368,2015
2015-10-04,2015-10-04,1,0.3263916816405974,2015
2015-10-26,2015-10-26,1,0.8527896074218511,2015
2015-10-30,2015-10-30,1,0.2612365957031031,2015
2015-11-04,2015-11-21,18,60.08180355664034,2015
2015-11-30,2015-12-30,31,79.02185836523365,2015
2016-01-03,2016-01-03,1,0.5307069492187271,2016
2016-01-06,2016-01-13,8,25.106616716796808,2016
2016-01-23,2016-02-07,16,47.07221002929668,2016
2016-02-09,2016-02-10,2,5.733014089843705,2016
2016-02-15,2016-02-15,1,1.4558167773437276,2016
2016-02-19,2016-02-19,1,0.22470686328122724,2016
2016-02-21,2016-02-22,2,6.620342996093703,2016
2016-03-29,2016-04-07,10,27.749571718749763,2016
2016-04-10,2016-04-23,14,22.770045414062288,2016
2016-05-03,2016-05-03,1,0.347631890624978,2016
2016-05-10,2016-05-10,1,0.6367545214843524,2016
2016-05-22,2016-05-22,1,0.0382137890624783,2016
2016-05-27,2016-05-28,2,1.6757637402343235,2016
2016-06-23,2016-06-26,4,6.287408615234284,2016
2016-07-02,2016-07-02,1,0.23010694335935256,2016
2016-07-09,2016-07-12,4,6.830497830078031,2016
2016-07-20,2016-07-20,1,0.3544356054687299,2016
2016-07-31,2016-07-31,1,1.4555116757812243,2016
2016-08-04,2016-08-04,1,0.11405019335935407,2016
2016-08-28,2016-08-29,2,2.3858142597655814,2016
2016-09-01,2016-09-04,4,6.204492830078081,2016
2016-09-08,2016-09-14,7,17.188854935546704,2016
2016-09-16,2016-09-16,1,0.3909358984374762,2016
2016-09-29,2016-09-30,2,0.9698311230468235,2016
2016-11-06,2016-11-06,1,2.4435488652343516,2016
2016-11-20,2016-11-28,9,31.034112083984166,2016
2016-12-01,2016-12-02,2,8.709758761718701,2016
2016-12-07,2016-12-07,1,0.3313049941406021,2016
2016-12-09,2016-12-13,5,12.687805556640507,2016
2016-12-15,2016-12-15,1,0.44974321679685225,2016
2016-12-18,2016-12-29,12,43.47022778320285,2016
2016-12-31,2016-12-31,1,0.7806459218749779,2016
2017-01-01,2017-01-02,2,3.2592283789062044,2017
2017-01-04,2017-01-04,1,1.921454248046853,2017
2017-02-01,2017-02-03,3,6.887317185546806,2017
2017-02-06,2017-02-07,2,3.763042599609328,2017
2017-02-16,2017-02-17,2,3.5379453964843286,2017
2017-02-21,2017-02-24,4,11.404687837890533,2017
2017-02-28,2017-02-28,1,2.149145734374974,2017
2017-03-02,2017-03-02,1,1.7904724921874742,2017
2017-03-06,2017-03-06,1,0.2446659550781014,2017
2017-03-10,2017-03-10,1,2.997381562499978,2017
2017-03-16,2017-03-26,11,26.161107394530994,2017
2017-03-29,2017-04-04,7,22.750928066406086,2017
2017-04-06,2017-04-06,1,0.8450986230468516,2017
2017-04-08,2017-04-16,9,22.03164075781229,2017
2017-04-25,2017-04-25,1,1.1861632597655998,2017
2017-05-13,2017-05-18,6,4.6343477587887385,2017
2017-05-23,2017-06-06,15,46.716708414062204,2017
2017-06-09,2017-06-17,9,27.162685279296667,2017
2017-06-19,2017-06-28,10,28.028591208984153,2017
2017-07-04,2017-07-12,9,20.758724236327915,2017
2017-07-18,2017-07-24,7,6.935529326171711,2017
2017-07-30,2017-08-06,8,30.447895826171695,2017
2017-08-09,2017-08-10,2,3.727826242187504,2017
2017-08-15,2017-08-19,5,7.606571203124886,2017
2017-08-24,2017-09-01,9,15.064967025390423,2017
2017-09-14,2017-09-14,1,0.09491670898435345,2017
2017-10-05,2017-10-05,1,0.41562451953122803,2017
2017-10-14,2017-10-22,9,12.54595367968734,2017
2017-10-24,2017-10-24,1,1.0531681386718539,2017
2017-10-26,2017-10-27,2,6.681378833984333,2017
2017-10-29,2017-10-29,1,5.905371269531226,2017
2017-11-04,2017-11-05,2,3.072857687500008,2017
2017-11-12,2017-11-12,1,1.137793398437477,2017
2017-11-21,2017-11-21,1,0.24503190039060208,2017
2017-11-25,2017-11-25,1,3.3034114570312276,2017
2017-12-05,2017-12-08,4,5.709680052734283,2017
2017-12-11,2017-12-15,5,11.06545922070301,2017
2017-12-22,2017-12-28,7,21.55369381640609,2017
2017-12-31,2017-12-31,1,2.224950921874978,2017
2018-01-01,2018-01-14,14,49.050134468749796,2018
2018-01-16,2018-01-19,4,8.61071117187491,2018
2018-01-21,2018-01-21,1,3.8992067949218523,2018
2018-01-23,2018-01-23,1,3.938909914062478,2018
2018-01-25,2018-02-01,8,17.83150003515618,2018
2018-02-06,2018-02-06,1,0.0898498378906023,2018
2018-03-30,2018-03-30,1,0.9368956562499768,2018
2018-04-09,2018-04-09,1,0.8348451406249779,2018
2018-04-15,2018-04-30,16,45.8627372089841,2018
2018-05-05,2018-05-08,4,4.152245873046784,2018
2018-05-11,2018-05-12,2,3.123394871093698,2018
2018-05-25,2018-05-31,7,8.638593019531129,2018
2018-06-02,2018-06-04,3,3.2128470078124316,2018
2018-06-07,2018-06-07,1,0.4104674316406012,2018
2018-06-09,2018-06-11,3,5.335528982421806,2018
2018-06-17,2018-06-17,1,0.028784445312474816,2018
2018-06-20,2018-06-22,3,2.004137794921803,2018
2018-06-30,2018-06-30,1,1.7041994140624794,2018
2018-07-05,2018-07-05,1,0.33374631835935276,2018
2018-07-30,2018-08-01,3,4.789447304687428,2018
2018-08-04,2018-08-05,2,4.054089722656201,2018
2018-08-07,2018-08-10,4,4.7285714824218275,2018
2018-08-18,2018-08-23,6,6.921088871093666,2018
2018-09-10,2018-09-24,15,28.384428275390377,2018
2018-10-08,2018-10-21,14,22.010613412109155,2018
2018-10-24,2018-10-29,6,26.007848392578047,2018
2018-11-01,2018-11-15,15,35.842986249999754,2018
2018-11-24,2018-11-27,4,5.418816865234282,2018
2018-12-03,2018-12-11,9,19.30510978906229,2018
2018-12-22,2018-12-31,10,36.03515709960915,2018
2019-01-01,2019-01-02,2,3.834942378906204,2019
2019-01-05,2019-01-10,6,14.939703689453102,2019
2019-01-12,2019-01-18,7,18.925944677734215,2019
2019-01-26,2019-01-26,1,1.5254573457031029,2019
2019-01-28,2019-01-28,1,0.18857403515628413,2019
2019-02-01,2019-02-03,3,2.9633981855468043,2019
2019-02-08,2019-02-08,1,1.2562621425781018,2019
2019-02-10,2019-02-12,3,5.353289970703056,2019
2019-02-14,2019-02-19,6,8.973760855468612,2019
2019-02-21,2019-02-22,2,6.5646479960937025,2019
2019-02-25,2019-03-05,9,24.121819148437282,2019
2019-03-07,2019-03-11,5,8.89489864257807,2019
2019-03-15,2019-03-17,3,8.354267580078059,2019
2019-03-23,2019-03-25,3,6.323076687499928,2019
2019-03-31,2019-04-04,5,9.481658949218627,2019
2019-04-18,2019-04-18,1,0.6711486953124783,2019
2019-04-20,2019-04-21,2,2.9473694999999545,2019
2019-04-24,2019-04-24,1,1.0354671816405983,2019
2019-05-02,2019-05-02,1,0.4543831933593516,2019
2019-06-03,2019-06-03,1,0.10391828906247724,2019
2019-06-05,2019-06-05,1,0.2292848281249782,2019
2019-06-10,2019-06-11,2,1.3972587812499526,2019
2019-06-15,2019-06-16,2,2.8075976445312065,2019
2019-06-18,2019-06-21,4,2.410151804687402,2019
2019-06-24,2019-07-08,15,51.092036824218404,2019
2019-07-20,2019-07-26,7,10.828474917968585,2019
2019-07-31,2019-07-31,1,0.38495467578123055,2019
2019-08-09,2019-08-13,5,7.309417205078056,2019
2019-08-19,2019-08-21,3,2.8791375898436797,2019
2019-08-26,2019-09-01,7,8.727768664062339,2019
2019-09-16,2019-09-17,2,3.871441660156197,2019
2019-09-28,2019-09-28,1,1.4914004296874772,2019
2019-09-30,2019-10-01,2,1.86838973632808,2019
2019-10-14,2019-10-15,2,3.891003166015576,2019
2019-10-18,2019-10-29,12,34.0921753339842,2019
2019-11-03,2019-11-05,3,6.2263984199218605,2019
2019-11-17,2019-11-17,1,1.9937196894531013,2019
2019-11-20,2019-12-02,13,33.41160837304657,2019
2019-12-07,2019-12-10,4,4.014000458984281,2019
2019-12-14,2019-12-28,15,53.74542093945278,2019
2019-12-31,2019-12-31,1,1.8916079218749768,2019
2020-01-01,2020-01-05,5,13.016845240234261,2020
2020-01-07,2020-01-11,5,10.407501277343751,2020
2020-01-13,2020-01-13,1,0.6424617011718521,2020
2020-01-15,2020-01-20,6,7.360297132812363,2020
2020-01-22,2020-01-24,3,2.655536001953056,2020
2020-01-26,2020-02-05,11,35.90497425390616,2020
2020-02-07,2020-02-07,1,1.1411807617187275,2020
2020-02-10,2020-02-12,3,12.980577970703056,2020
2020-02-14,2020-02-14,1,1.9011295371093517,2020
2020-02-16,2020-02-18,3,7.442431677734305,2020
2020-02-21,2020-02-21,1,1.0145016640624753,2020
2020-02-23,2020-02-26,4,16.232293390624907,2020
2020-03-02,2020-03-02,1,0.6181704921874758,2020
2020-03-11,2020-03-13,3,3.410265874999933,2020
2020-03-18,2020-03-21,4,3.834650199218661,2020
2020-04-06,2020-04-14,9,22.261313273437292,2020
2020-04-16,2020-04-19,4,11.482202193359335,2020
2020-04-23,2020-04-27,5,5.633881343749877,2020
2020-04-30,2020-05-02,3,1.6282219648437355,2020
2020-05-04,2020-05-05,2,2.0311098769530744,2020
2020-05-08,2020-05-10,3,5.474749679687431,2020
2020-05-12,2020-05-12,1,0.13971520507810098,2020
2020-05-14,2020-05-14,1,0.028631425781227904,2020
2020-05-18,2020-05-18,1,0.6575675878906004,2020
2020-05-22,2020-05-23,2,3.8446169902343286,2020
2020-06-02,2020-06-03,2,1.395642851562453,2020
2020-06-27,2020-06-29,3,4.278216417968679,2020
2020-07-01,2020-07-02,2,3.0350163046874528,2020
2020-07-05,2020-07-06,2,2.5156705273437012,2020
2020-07-10,2020-07-11,2,2.2842821289061987,2020
2020-07-22,2020-07-22,1,0.07709469726560059,2020
2020-07-28,2020-08-02,6,10.833013574218619,2020
2020-08-08,2020-08-10,3,2.543293593749979,2020
2020-08-12,2020-08-13,2,0.9116646582030796,2020
2020-08-21,2020-08-23,3,4.260119406249977,2020
2020-08-27,2020-08-29,3,2.304705994140555,2020
2020-09-06,2020-09-06,1,0.668860279296851,2020
2020-09-10,2020-09-18,9,26.606960597656034,2020
2020-09-21,2020-09-22,2,0.80860616406245,2020
2020-09-24,2020-09-24,1,1.7659060703124787,2020
2020-10-26,2020-10-26,1,1.111242607421854,2020
2020-10-31,2020-11-05,6,6.626806166015534,2020
2020-11-08,2020-11-10,3,0.6661259277343063,2020
2020-11-16,2020-11-17,2,1.2130552734374547,2020
2020-11-19,2020-11-20,2,1.8825499960937044,2020
2020-12-05,2020-12-10,6,9.49887603124986,2020
2020-12-13,2020-12-25,13,35.129350714843454,2020
2020-12-28,2020-12-29,2,3.15028094726558,2020
2021-01-01,2021-01-05,5,5.908660740234261,2021
2021-01-13,2021-01-14,2,5.44065571289058,2021
2021-01-22,2021-01-23,2,3.5374873476562048,2021
2021-01-29,2021-01-31,3,7.847370374999931,2021
2021-02-04,2021-02-08,5,7.714080238281191,2021
2021-02-10,2021-02-10,1,2.984533455078102,2021
2021-02-19,2021-02-27,9,22.978785298827916,2021
2021-03-04,2021-03-04,1,0.27219289062497687,2021
2021-03-12,2021-03-12,1,1.4354613105468523,2021
2021-03-29,2021-04-03,6,17.725285992187356,2021
2021-04-25,2021-04-25,1,0.17511625976559841,2021
2021-05-10,2021-05-10,1,0.6557985214843534,2021
2021-06-04,2021-06-05,2,3.469648984374956,2021
2021-06-09,2021-06-09,1,0.9560912011718514,2021
2021-06-12,2021-06-13,2,2.985820146484329,2021
2021-06-16,2021-06-24,9,22.08346231249979,2021
2021-06-26,2021-06-30,5,9.056333507812383,2021
2021-07-06,2021-07-08,3,6.79112696679681,2021
2021-07-11,2021-07-12,2,0.996533345703078,2021
2021-07-20,2021-07-20,1,0.06400160546872513,2021
2021-07-24,2021-07-31,8,6.535845335937317,2021
2021-08-10,2021-08-16,7,17.81834181054677,2021
2021-08-21,2021-08-22,2,2.550885404296878,2021
2021-09-10,2021-09-10,1,0.08548561718747649,2021
2021-09-12,2021-09-15,4,8.89113722656241,2021
2021-09-17,2021-09-17,1,1.3754337617187247,2021
2021-09-27,2021-09-29,3,4.489398150390553,2021
2021-10-03,2021-10-05,3,4.334827279296807,2021
2021-10-20,2021-10-21,2,2.3824578339843825,2021
2021-11-01,2021-11-01,1,0.42017185546872327,2021
2021-11-11,2021-11-15,5,5.994048568359316,2021
2021-11-17,2021-11-21,5,5.9112243203123835,2021
2021-11-23,2021-11-23,1,0.2335262265624749,2021
2021-12-12,2021-12-20,9,24.429131394531048,2021
2021-12-24,2021-12-31,8,31.256487394531064,2021
2022-01-01,2022-01-06,6,28.71802472656237,2022
2022-01-10,2022-01-11,2,3.0379458027343293,2022
2022-01-14,2022-01-18,5,18.71398872460926,2022
2022-01-20,2022-01-20,1,1.5625064140624776,2022
2022-01-22,2022-01-23,2,2.0560733476562056,2022
2022-01-25,2022-02-11,18,45.657887445312255,2022
2022-02-17,2022-02-25,9,18.50524173242166,2022
2022-03-24,2022-03-29,6,9.718450791015488,2022
2022-04-07,2022-04-09,3,7.737048236328054,2022
2022-04-13,2022-04-16,4,9.76683936914053,2022
2022-05-09,2022-05-28,20,59.17117319042902,2022
2022-06-01,2022-06-08,8,28.127366892578,2022
2022-06-11,2022-07-05,25,73.87237238281193,2022
2022-07-07,2022-07-07,1,0.12097814648435445,2022
2022-07-13,2022-07-26,14,33.9597736386716,2022
2022-07-28,2022-07-29,2,0.6010250839843252,2022
2022-07-31,2022-08-01,2,1.6187569160155775,2022
2022-08-03,2022-08-06,4,11.755425335937417,2022
2022-08-18,2022-08-18,1,1.2287960566406042,2022
2022-08-26,2022-08-26,1,0.8680178730468526,2022
2022-09-06,2022-09-08,3,3.131366318359305,2022
2022-09-14,2022-09-16,3,7.053423699218683,2022
2022-10-02,2022-10-02,1,1.329412882812477,2022
2022-10-07,2022-10-07,1,0.049902685546850734,2022
2022-10-11,2022-10-11,1,0.21271352343747552,2022
2022-10-13,2022-11-05,24,79.812646974609,2022
2022-11-08,2022-11-14,7,10.062786742187336,2022
2022-11-16,2022-11-19,4,6.960687798828031,2022
2022-11-21,2022-11-24,4,2.5112247265624053,2022
2022-11-26,2022-11-26,1,2.5177670585937264,2022
2022-12-03,2022-12-06,4,10.12108734570303,2022
2022-12-10,2022-12-10,1,0.8624632812499762,2022
2022-12-16,2022-12-17,2,2.86103580273433,2022
2022-12-20,2022-12-31,12,29.242017826171598,2022
2023-01-01,2023-01-18,18,58.68153668164034,2023
2023-01-23,2023-01-25,3,2.5751531757811836,2023
2023-02-01,2023-02-04,4,14.35302005273428,2023
2023-02-12,2023-02-12,1,0.8647517636718529,2023
2023-02-14,2023-02-21,8,22.07396185546856,2023
2023-02-24,2023-02-25,2,5.41172486132808,2023
2023-03-09,2023-03-11,3,9.725330660156239,2023
2023-03-13,2023-03-14,2,2.312451785156206,2023
2023-03-21,2023-03-26,6,11.95294850976548,2023
2023-03-30,2023-04-01,3,2.951708636718678,2023
2023-04-11,2023-04-11,1,0.9428763574218522,2023
2023-04-18,2023-04-19,2,1.2034427304687583,2023
2023-04-23,2023-04-24,2,3.9101382636718256,2023
2023-04-28,2023-04-29,2,1.4998597421874464,2023
2023-05-05,2023-05-08,4,2.5895938730467805,2023
2023-06-20,2023-06-23,4,5.623010091796779,2023
2023-06-26,2023-06-27,2,2.6683774570312053,2023
2023-07-03,2023-07-03,1,0.1565309628905993,2023
2023-07-09,2023-07-12,4,9.600764830078035,2023
2023-07-15,2023-07-21,7,18.673933955077956,2023
2023-07-24,2023-07-25,2,4.5994686972655785,2023
2023-08-01,2023-08-01,1,0.21182824023435387,2023
2023-08-03,2023-08-03,1,0.546605791015601,2023
2023-08-13,2023-08-28,16,53.50186715429656,2023
2023-09-03,2023-09-03,1,0.37744769335935047,2023
2023-09-07,2023-09-22,16,25.787479972655934,2023
2023-09-26,2023-10-15,20,73.82468026367147,2023
2023-10-20,2023-10-31,12,38.79560682812483,2023
2023-11-02,2023-11-02,1,2.0303715097655974,2023
2023-11-05,2023-11-06,2,3.9248161816406366,2023
2023-11-14,2023-11-15,2,7.026470785156258,2023
2023-11-17,2023-11-17,1,2.745306689453102,2023
2023-11-19,2023-11-22,4,7.370203138671782,2023
2023-11-24,2023-11-24,1,4.074408357421852,2023
2023-11-28,2023-11-28,1,0.7414611445312271,2023
2023-12-01,2023-12-02,2,6.765209761718703,2023
2023-12-10,2023-12-15,6,15.012730501952985,2023
2023-12-17,2023-12-31,15,61.664581566405914,2023
