Date,Mean,Median,P90,P95,Max,day_of_year_y,threshold_15,threshold_31,month_num,day_num,month_name,Mean>threshold_31,Median>threshold_31,P90>threshold_31,P95>threshold_31,Max>threshold_31,heat_wave
2010-01-01,2.7964478,4.905618286132835,6.592480468750011,7.062370300292969,9.061829,1,7.812951660156273,7.973260498046898,1,1,January,No,No,No,No,Yes,1 giorno
2010-01-02,-0.95751953,2.3517852783203352,6.10889587402346,6.663473510742222,7.955475,2,7.834588623046898,7.983026123046898,1,2,January,No,No,No,No,No,nella norma
2010-01-03,-3.9693909,-0.7623504638671648,0.6196502685547216,0.9278778076172216,4.0290833,3,7.886987304687523,7.988977050781273,1,3,January,No,No,No,No,No,nella norma
2010-01-04,-4.4884644,-2.2244781494140398,-0.22571105957030113,0.1375595092773665,2.0085144,4,7.910119628906273,7.980645751953148,1,4,January,No,No,No,No,No,nella norma
2010-01-05,-2.5451965,-0.7414306640624773,0.5878143310546875,1.1210418701172102,4.259094,5,7.938165283203148,7.977319335937523,1,5,January,No,No,No,No,No,nella norma
2010-01-06,-0.3276062,1.3935638427734602,4.080364990234386,4.38434295654298,7.0664673,6,7.965509033203148,7.987176513671898,1,6,January,No,No,No,No,No,nella norma
2010-01-07,-1.1220093,0.8364654541015852,4.9101135253906705,5.439686584472668,6.932617,7,7.985781860351722,7.992517089843716,1,7,January,No,No,No,No,No,nella norma
2010-01-08,0.6349182,0.7934509277343977,5.268164062500034,6.301538085937523,10.446533,8,7.974084472656273,7.999841308593716,1,8,January,No,No,No,No,Yes,1 giorno
2010-01-09,2.7557678,3.7652832031250227,7.665621948242233,8.227470397949219,12.098999,9,7.986383056640648,8.002130126953148,1,9,January,No,No,No,Yes,Yes,2 giorno
2010-01-10,1.0231628,3.0204406738281477,6.174096679687523,6.49884948730471,7.9085083,10,8.016778564453148,8.003533935546898,1,10,January,No,No,No,No,No,nella norma
2010-01-11,-0.5796814,1.4715362548828352,4.008535766601597,4.319526672363281,6.154724,11,8.032739257812523,8.020593261718773,1,11,January,No,No,No,No,No,nella norma
2010-01-12,-0.61364746,0.9841857910156477,4.754678344726585,5.219601440429699,6.310272,12,8.035150146484398,8.039666748046898,1,12,January,No,No,No,No,No,nella norma
2010-01-13,-0.24865723,0.6209197998047102,4.988964843750011,5.240043640136719,6.482849,13,8.057214355468773,8.077081298828148,1,13,January,No,No,No,No,No,nella norma
2010-01-14,0.5557556,2.3440032958984602,5.43994140625,5.6853195190429915,6.9198,14,8.074487304687523,8.113000488281273,1,14,January,No,No,No,No,No,nella norma
2010-01-15,1.7328491,3.5932556152343977,6.216818237304722,6.414086914062523,7.6004333,15,8.086083984375023,8.159814453125023,1,15,January,No,No,No,No,No,nella norma
2010-01-16,-0.4746704,0.8936401367187727,3.2544067382812614,3.6058822631836165,6.063202,16,8.099084472656273,8.217645263671898,1,16,January,No,No,No,No,No,nella norma
2010-01-17,0.16589355,1.2058959960937727,3.9704406738281364,4.142283630371139,5.3248596,17,8.098962402343716,8.273400878906273,1,17,January,No,No,No,No,No,nella norma
2010-01-18,-0.2859497,1.6954742431640852,3.4123077392578125,4.041474914550804,7.7110596,18,8.077233886718773,8.348596191406273,1,18,January,No,No,No,No,No,nella norma
2010-01-19,-0.49243164,1.4830108642578352,2.678955078125,3.114228820800804,6.4723816,19,8.096307373046898,8.438531494140648,1,19,January,No,No,No,No,No,nella norma
2010-01-20,-1.2415161,1.0754486083984602,2.286865234375,2.5652847290039062,5.5036926,20,8.116326904296898,8.528100585937523,1,20,January,No,No,No,No,No,nella norma
2010-01-21,0.39239502,2.1495147705078352,4.258123779296909,4.611666870117233,6.7771606,21,8.167382812500023,8.649835205078148,1,21,January,No,No,No,No,No,nella norma
2010-01-22,-1.4296875,0.40079650878908524,1.713653564453125,2.065155029296875,5.4975586,22,8.220849609375023,8.768518066406273,1,22,January,No,No,No,No,No,nella norma
2010-01-23,-0.9248657,-0.34731140136716476,1.8525665283203239,2.13684539794923,3.2249146,23,8.332177734375023,8.903100585937523,1,23,January,No,No,No,No,No,nella norma
2010-01-24,-1.1046143,-0.8426422119140398,1.6734802246094205,1.8186889648437727,2.7586365,24,8.463433837890648,9.025079345703148,1,24,January,No,No,No,No,No,nella norma
2010-01-25,-1.978302,-0.6745819091796648,1.5181396484375114,1.7564895629882926,3.4607239,25,8.549829101562523,9.137139892578148,1,25,January,No,No,No,No,No,nella norma
2010-01-26,-2.0496826,-0.5044921874999773,1.7074798583984716,1.9799118041992188,3.5299377,26,8.675988769531273,9.221795654296898,1,26,January,No,No,No,No,No,nella norma
2010-01-27,-2.17984,-0.8011535644531023,1.4255462646484602,1.7495056152343977,3.9055176,27,8.838372802734398,9.310388183593716,1,27,January,No,No,No,No,No,nella norma
2010-01-28,-1.546936,0.5166412353515852,1.5103332519531705,2.1933837890625227,7.5174255,28,8.982110595703148,9.396813964843716,1,28,January,No,No,No,No,No,nella norma
2010-01-29,-2.390503,0.20243225097658524,1.413610839843784,1.6452301025390739,4.1819153,29,9.179467773437523,9.485528564453148,1,29,January,No,No,No,No,No,nella norma
2010-01-30,-1.6724854,0.8157745361328352,2.8730377197265966,3.0338973999023438,5.947418,30,9.398919677734398,9.592919921875023,1,30,January,No,No,No,No,No,nella norma
2010-01-31,-3.9134521,-0.5320800781249773,2.101446533203159,2.631259155273483,4.6391296,31,9.650933837890648,9.715692138671898,1,31,January,No,No,No,No,No,nella norma
2010-02-01,-4.1018066,-0.7122711181640398,0.8371856689453239,1.149267578125034,3.4205017,32,9.858605957031273,9.822473144531273,2,1,February,No,No,No,No,No,nella norma
2010-02-02,-3.2589111,-0.20604553222653976,1.5294311523437614,1.9796981811523438,4.996155,33,10.038507080078148,9.934350585937523,2,2,February,No,No,No,No,No,nella norma
2010-02-03,-0.9493103,0.5908447265625227,2.2918853759765625,2.743075561523426,5.333679,34,10.152825927734398,10.057611083984398,2,3,February,No,No,No,No,No,nella norma
2010-02-04,-0.6522217,0.5500122070312727,2.137722778320324,2.663182067871105,5.5689697,35,10.258233642578148,10.187036132812523,2,4,February,No,No,No,No,No,nella norma
2010-02-05,-0.230896,0.09200439453127274,4.5013885498046875,4.952478027343773,8.674194,36,10.337670898437523,10.305505371093716,2,5,February,No,No,No,No,No,nella norma
2010-02-06,2.6347656,3.6984191894531477,7.579357910156261,8.078486633300827,10.058624,37,10.430688476562523,10.439691162109398,2,6,February,No,No,No,No,No,nella norma
2010-02-07,2.5618591,5.103936767578148,7.689511108398449,8.22626800537114,10.511475,38,10.543695068359398,10.577844238281273,2,7,February,No,No,No,No,No,nella norma
2010-02-08,-0.6246033,0.6239257812500227,3.8876800537109375,4.067851257324264,5.5181885,39,10.655023193359398,10.730828857421898,2,8,February,No,No,No,No,No,nella norma
2010-02-09,-1.6914368,0.43572387695314774,2.5380157470703466,2.771455383300804,4.9056396,40,10.756860351562523,10.901849365234398,2,9,February,No,No,No,No,No,nella norma
2010-02-10,0.20117188,1.4241882324218977,4.976495361328148,5.413603210449253,7.5605164,41,10.860223388671898,11.077508544921898,2,10,February,No,No,No,No,No,nella norma
2010-02-11,-2.204956,0.08339843750002274,2.3297332763672216,2.6572952270507812,6.0835876,42,10.955041503906273,11.234979248046898,2,11,February,No,No,No,No,No,nella norma
2010-02-12,-0.37738037,1.6000152587890852,4.9367858886719205,5.532829284667969,6.617157,43,11.058068847656273,11.380792236328148,2,12,February,No,No,No,No,No,nella norma
2010-02-13,-0.041778564,2.3590789794922102,6.01563415527346,6.2810226440429915,7.2183228,44,11.152307128906273,11.539086914062523,2,13,February,No,No,No,No,No,nella norma
2010-02-14,-0.12930298,2.0559631347656477,5.775503540039097,6.177633666992222,7.4267273,45,11.282586669921898,11.707574462890648,2,14,February,No,No,No,No,No,nella norma
2010-02-15,0.07208252,3.3199249267578352,5.808139038085983,6.1117126464844205,7.180359,46,11.377709960937523,11.892053222656273,2,15,February,No,No,No,No,No,nella norma
2010-02-16,0.33087158,2.4322906494140852,5.2592956542969205,5.6563598632812955,8.151001,47,11.567529296875023,12.081781005859398,2,16,February,No,No,No,No,No,nella norma
2010-02-17,2.4288635,4.044793701171898,6.553225708007858,7.025093078613281,8.725311,48,11.790551757812523,12.257287597656273,2,17,February,No,No,No,No,No,nella norma
2010-02-18,5.164978,7.38233337402346,9.423330688476597,9.770903015136753,12.04187,49,12.058190917968773,12.443261718750023,2,18,February,No,No,No,No,No,nella norma
2010-02-19,4.3416443,5.718164062500023,9.570730590820347,10.047482299804699,10.987915,50,12.287377929687523,12.581140136718773,2,19,February,No,No,No,No,No,nella norma
2010-02-20,2.5510254,6.13160095214846,9.004357910156273,9.294262695312511,10.770447,51,12.525018310546898,12.753930664062523,2,20,February,No,No,No,No,No,nella norma
2010-02-21,1.1253967,4.492715454101585,7.228604125976574,7.624044799804722,9.276184,52,12.722650146484398,12.946069335937523,2,21,February,No,No,No,No,No,nella norma
2010-02-22,2.2231445,3.9093566894531477,7.900732421875034,8.500813293457043,10.253326,53,12.964807128906273,13.163659667968773,2,22,February,No,No,No,No,No,nella norma
2010-02-23,3.9940186,6.05048522949221,8.405804443359386,8.901783752441418,10.123291,54,13.224938964843716,13.396020507812523,2,23,February,No,No,No,No,No,nella norma
2010-02-24,6.3405457,9.336267089843773,10.788546752929733,11.084135437011753,12.61319,55,13.496362304687523,13.671441650390648,2,24,February,No,No,No,No,No,nella norma
2010-02-25,6.6205444,9.915765380859398,11.899395751953136,12.04841461181644,13.078674,56,13.720147705078148,13.941125488281273,2,25,February,No,No,No,No,No,nella norma
2010-02-26,6.255554,9.060586547851585,11.347265625000034,11.813047790527378,13.489319,57,13.976983642578148,14.231011962890648,2,26,February,No,No,No,No,No,nella norma
2010-02-27,4.8493958,8.269342041015648,10.376794433593773,10.558708190917969,11.832031,58,14.121606445312523,14.504144287109398,2,27,February,No,No,No,No,No,nella norma
2010-02-28,3.7640076,5.739373779296898,8.492120361328148,9.182521057128952,13.003357,59,14.345910644531273,14.774072265625023,2,28,February,No,No,No,No,No,nella norma
2010-03-01,6.0446777,8.978067016601585,10.93750915527346,11.152458190917969,11.936371,60,14.544458007812523,15.051171875000023,3,1,March,No,No,No,No,No,nella norma
2010-03-02,6.9257812,10.472375488281273,12.509158325195358,12.690521240234375,13.75177,61,14.765344238281273,15.317895507812523,3,2,March,No,No,No,No,No,nella norma
2010-03-03,5.1803284,7.563043212890648,10.486941528320358,10.863632202148438,12.9800415,62,15.015100097656273,15.604302978515648,3,3,March,No,No,No,No,No,nella norma
2010-03-04,4.293457,6.804620361328148,9.025173950195324,9.344526672363315,11.627838,63,15.211602783203148,15.869287109375023,3,4,March,No,No,No,No,No,nella norma
2010-03-05,-0.30670166,3.0000549316406477,6.832977294921875,7.226255798339878,8.690277,64,15.423367309570438,16.099786376953148,3,5,March,No,No,No,No,No,nella norma
2010-03-06,-0.55908203,2.3538909912109602,5.012231445312523,5.241720581054722,6.881958,65,15.715966796875023,16.304071044921898,3,6,March,No,No,No,No,No,nella norma
2010-03-07,-1.1029358,2.2015625000000227,4.591778564453136,4.829780578613281,6.3849792,66,15.988122558593716,16.528436279296898,3,7,March,No,No,No,No,No,nella norma
2010-03-08,-2.118988,0.8833251953125227,3.035061645507824,3.234466552734375,4.7662964,67,16.303002929687523,16.757531738281273,3,8,March,No,No,No,No,No,nella norma
2010-03-09,-2.9233704,0.03421936035158524,3.1158966064453466,3.3670562744140966,4.5700073,68,16.624719238281273,16.973474121093716,3,9,March,No,No,No,No,No,nella norma
2010-03-10,-1.2858276,-0.07820739746091476,2.3091247558593864,3.4065658569336392,9.306976,69,16.909661865234398,17.177148437500023,3,10,March,No,No,No,No,No,nella norma
2010-03-11,-1.0906372,0.19367370605471024,3.2622589111328466,3.6584655761719205,8.023254,70,17.212335205078148,17.358300781250023,3,11,March,No,No,No,No,No,nella norma
2010-03-12,0.668396,0.9570404052734602,6.413171386718773,7.0164978027344205,11.439056,71,17.477716064453148,17.518731689453148,3,12,March,No,No,No,No,No,nella norma
2010-03-13,2.10083,2.6705413818359602,8.438467407226597,8.622239685058616,10.355438,72,17.746331787109398,17.659295654296898,3,13,March,No,No,No,No,No,nella norma
2010-03-14,3.7213135,5.588983154296898,9.307064819335949,9.532586669921898,11.155121,73,17.987359619140648,17.841424560546898,3,14,March,No,No,No,No,No,nella norma
2010-03-15,4.1132812,6.523782348632835,10.402835083007858,10.888038635253906,12.650757,74,18.222711181640648,18.030877685546898,3,15,March,No,No,No,No,No,nella norma
2010-03-16,5.593109,8.941995239257835,11.05983276367192,11.409022521972702,13.318115,75,18.432794189453148,18.233575439453148,3,16,March,No,No,No,No,No,nella norma
2010-03-17,7.0765686,10.186334228515648,11.762222290039062,11.927093505859375,14.308472,76,18.652764892578148,18.448602294921898,3,17,March,No,No,No,No,No,nella norma
2010-03-18,8.347229,10.709756469726585,13.257400512695312,13.486871337890648,15.979675,77,18.821496582031273,18.669854736328148,3,18,March,No,No,No,No,No,nella norma
2010-03-19,8.525757,11.169412231445335,13.519778442382858,13.701318359375023,14.894287,78,18.937310791015648,18.867974853515648,3,19,March,No,No,No,No,No,nella norma
2010-03-20,8.000488,9.95008239746096,13.197512817382858,13.573869323730491,14.779938,79,19.050195312500023,19.015435791015648,3,20,March,No,No,No,No,No,nella norma
2010-03-21,7.969574,9.851174926757835,12.33240661621096,13.446697998046886,14.716675,80,19.118066406250023,19.169305419921898,3,21,March,No,No,No,No,No,nella norma
2010-03-22,8.926392,10.716653442382835,13.1856689453125,13.496206665039097,16.89392,81,19.252770996093716,19.357904052734398,3,22,March,No,No,No,No,No,nella norma
2010-03-23,10.617249,12.715020751953148,15.43604431152346,15.620742797851562,19.43814,82,19.400415039062523,19.534753417968773,3,23,March,No,No,No,No,No,nella norma
2010-03-24,11.171814,14.118508911132835,16.500524902343784,17.01887054443364,19.393616,83,19.565789794921898,19.699914550781273,3,24,March,No,No,No,No,No,nella norma
2010-03-25,10.487213,12.968865966796898,16.343478393554733,16.962234497070312,19.003235,84,19.718804931640648,19.843652343750023,3,25,March,No,No,No,No,No,nella norma
2010-03-26,10.097443,11.77936706542971,16.49017028808595,17.211628723144543,20.326355,85,19.927484130859398,19.970147705078148,3,26,March,No,No,No,No,Yes,1 giorno
2010-03-27,9.377258,12.756524658203148,15.662246704101562,16.06420135498047,16.953094,86,20.095300292968773,20.101129150390648,3,27,March,No,No,No,No,No,nella norma
2010-03-28,10.689545,14.274377441406273,16.68128356933596,16.879380798339866,18.268616,87,20.164666748046898,20.208367919921898,3,28,March,No,No,No,No,No,nella norma
2010-03-29,10.366364,12.93970642089846,16.457922363281284,16.73634948730472,18.568237,88,20.242822265625023,20.314477539062523,3,29,March,No,No,No,No,No,nella norma
2010-03-30,8.491699,10.777947998046898,14.69642944335942,15.434127807617188,17.941406,89,20.352868652343716,20.437402343750023,3,30,March,No,No,No,No,No,nella norma
2010-03-31,9.113831,12.331475830078148,16.311322021484386,16.787759399414085,18.24588,90,20.525811767578148,20.536584472656273,3,31,March,No,No,No,No,No,nella norma
2010-04-01,7.0137634,9.525201416015648,14.38606567382817,15.67767333984375,17.247559,91,20.632653808593716,20.633935546875023,4,1,April,No,No,No,No,No,nella norma
2010-04-02,6.776306,9.910867309570335,13.478729248046875,13.944888305664108,15.036163,92,20.730340576171898,20.707299804687523,4,2,April,No,No,No,No,No,nella norma
2010-04-03,8.164642,10.60688171386721,15.703497314453159,16.162464904785168,17.40863,93,20.889001464843716,20.805383300781273,4,3,April,No,No,No,No,No,nella norma
2010-04-04,8.937988,10.76001892089846,16.63386230468751,17.207795715332054,19.00232,94,21.050469970703148,20.908898925781273,4,4,April,No,No,No,No,No,nella norma
2010-04-05,8.400543,11.932702636718773,15.22998962402346,15.49904174804692,17.499329,95,21.179223632812523,21.025903320312523,4,5,April,No,No,No,No,No,nella norma
2010-04-06,10.051788,12.67640075683596,15.124761962890659,15.311892700195358,16.460999,96,21.277032470703148,21.146661376953148,4,6,April,No,No,No,No,No,nella norma
2010-04-07,11.254517,13.509988403320335,16.232400512695335,16.455718994140625,17.166962,97,21.378839111328148,21.296441650390648,4,7,April,No,No,No,No,No,nella norma
2010-04-08,12.369934,15.041314697265648,17.39612426757816,17.691304016113293,19.64859,98,21.432489013671898,21.466760253906273,4,8,April,No,No,No,No,No,nella norma
2010-04-09,14.06192,17.089929199218773,19.658486938476585,19.956472778320347,21.781616,99,21.489312744140648,21.646630859375023,4,9,April,No,No,No,No,Yes,1 giorno
2010-04-10,14.469543,17.833215332031273,20.50177612304691,20.777732849121094,21.756378,100,21.489862060546898,21.804864501953148,4,10,April,No,No,No,No,No,nella norma
2010-04-11,8.628387,11.850198364257835,15.024642944335938,15.208634948730491,16.266724,101,21.531732177734398,21.976983642578148,4,11,April,No,No,No,No,No,nella norma
2010-04-12,8.641968,11.863366699218773,14.852282714843795,15.078062438964878,16.905762,102,21.679742431640648,22.110162353515648,4,12,April,No,No,No,No,No,nella norma
2010-04-13,9.506165,12.581781005859398,15.742346191406284,16.002862548828148,17.418396,103,21.869256591796898,22.252313232421898,4,13,April,No,No,No,No,No,nella norma
2010-04-14,11.395752,14.650186157226585,17.93367309570317,18.14153289794922,18.99945,104,21.996484375000023,22.377526855468773,4,14,April,No,No,No,No,No,nella norma
2010-04-15,10.991394,13.90973815917971,17.711572265625023,17.9222412109375,18.929535,105,22.157891845703148,22.477655029296898,4,15,April,No,No,No,No,No,nella norma
2010-04-16,12.62085,15.444009399414085,19.178570556640636,19.4955703735352,20.514069,106,22.364129638671898,22.612176513671898,4,16,April,No,No,No,No,No,nella norma
2010-04-17,12.152039,14.81348571777346,18.145816040039108,18.381211853027366,20.16629,107,22.619958496093716,22.745874023437523,4,17,April,No,No,No,No,No,nella norma
2010-04-18,9.821442,12.282952880859398,15.720001220703125,16.682402038574253,18.468414,108,22.814721679687523,22.871362304687523,4,18,April,No,No,No,No,No,nella norma
2010-04-19,14.762939,18.204553222656273,21.09413757324222,21.422100830078136,23.202454,109,22.969934082031273,22.990563964843716,4,19,April,No,No,No,No,Yes,1 giorno
2010-04-20,15.703857,18.88953552246096,22.004702758789108,22.23931579589845,23.315369,110,23.088311767578148,23.100457763671898,4,20,April,No,No,No,No,Yes,2 giorno
2010-04-21,15.881348,19.007043457031273,22.227752685546875,22.48626708984375,23.857544,111,23.200494384765648,23.247979736328148,4,21,April,No,No,No,No,Yes,3 giorno
2010-04-22,15.060791,17.867883300781273,20.9160125732422,21.079568481445335,23.232788,112,23.276696777343716,23.389489746093716,4,22,April,No,No,No,No,No,nella norma
2010-04-23,13.545105,15.84253845214846,18.861550903320335,19.159046936035168,22.15332,113,23.335229492187523,23.542565917968773,4,23,April,No,No,No,No,No,nella norma
2010-04-24,12.2846985,13.781365966796898,16.7431610107422,17.12318267822269,22.653717,114,23.488183593750023,23.711663818359398,4,24,April,No,No,No,No,No,nella norma
2010-04-25,16.805664,19.471047973632835,22.79053955078126,23.093020629882858,24.850555,115,23.646722412109398,23.876458740234398,4,25,April,No,No,No,No,Yes,1 giorno
2010-04-26,17.731232,20.797341918945335,24.067834472656273,24.22163543701174,25.252228,116,23.770471191406273,24.043725585937523,4,26,April,No,No,Yes,Yes,Yes,2 giorno
2010-04-27,14.700745,17.10755310058596,20.268353271484386,21.451203918457054,22.635803,117,23.880395507812523,24.191308593750023,4,27,April,No,No,No,No,No,nella norma
2010-04-28,17.266663,19.997857666015648,23.322024536132858,23.51302185058597,24.54721,118,23.969964599609398,24.352746582031273,4,28,April,No,No,No,No,Yes,1 giorno
2010-04-29,18.438568,21.22712097167971,24.32893676757817,24.537278747558616,25.193909,119,24.082940673828148,24.483117675781273,4,29,April,No,No,No,Yes,Yes,2 giorno
2010-04-30,18.477783,20.763391113281273,24.733435058593784,25.135415649414085,26.749481,120,24.188378906250023,24.597039794921898,4,30,April,No,No,Yes,Yes,Yes,3 giorno
2010-05-01,16.6875,19.207238769531273,23.674963378906284,24.10613708496095,25.110321,121,24.345758056640648,24.720544433593716,5,1,May,No,No,No,No,Yes,4 giorno
2010-05-02,14.184692,16.144006347656273,21.338552856445347,22.222584533691418,23.881348,122,24.516381835937523,24.888726806640648,5,2,May,No,No,No,No,No,nella norma
2010-05-03,15.765778,18.31842956542971,22.804104614257824,23.23291473388673,24.370514,123,24.691400146484398,25.072412109375023,5,3,May,No,No,No,No,No,nella norma
2010-05-04,12.619476,14.768945312500023,17.855697631835938,18.031848144531295,18.834564,124,24.883660888671898,25.238336181640648,5,4,May,No,No,No,No,No,nella norma
2010-05-05,12.858215,13.968530273437523,18.528918457031295,18.906423950195347,20.442657,125,25.119287109375023,25.375939941406273,5,5,May,No,No,No,No,No,nella norma
2010-05-06,10.526184,12.680963134765648,17.21455688476567,17.70649108886721,18.63089,126,25.354364013671898,25.527642822265648,5,6,May,No,No,No,No,No,nella norma
2010-05-07,11.006989,13.52442321777346,17.34088134765625,17.84979858398441,18.914948,127,25.533410644531273,25.712579345703148,5,7,May,No,No,No,No,No,nella norma
2010-05-08,11.71402,14.188958740234398,17.507739257812545,17.764939880371116,18.647247,128,25.717248535156273,25.889093017578148,5,8,May,No,No,No,No,No,nella norma
2010-05-09,13.815826,16.468179321289085,20.57232360839845,20.95033416748049,21.98117,129,25.867059326171898,26.068444824218773,5,9,May,No,No,No,No,No,nella norma
2010-05-10,13.50238,15.28980407714846,20.862197875976562,21.677046203613315,24.02826,130,26.101434326171898,26.268365478515648,5,10,May,No,No,No,No,No,nella norma
2010-05-11,14.725647,17.502420043945335,20.824859619140625,21.107815551757824,22.672852,131,26.336907958984398,26.483392333984398,5,11,May,No,No,No,No,No,nella norma
2010-05-12,15.320709,17.27735290527346,22.38453979492192,22.897273254394577,24.077118,132,26.564447021484398,26.706414794921898,5,12,May,No,No,No,No,No,nella norma
2010-05-13,14.719482,17.064782714843773,22.24420166015625,22.580163574218773,23.678558,133,26.720758056640648,26.907830810546898,5,13,May,No,No,No,No,No,nella norma
2010-05-14,14.299622,16.68793640136721,21.48262634277347,21.805683898925793,22.821014,134,26.869470214843716,27.080163574218773,5,14,May,No,No,No,No,No,nella norma
2010-05-15,11.555054,14.455056762695335,17.499377441406295,18.22314453125,20.324585,135,27.099786376953148,27.235769653320517,5,15,May,No,No,No,No,No,nella norma
2010-05-16,12.897125,16.467004394531273,19.958038330078125,20.27100219726566,22.438812,136,27.295770263671898,27.402124023437523,5,16,May,No,No,No,No,No,nella norma
2010-05-17,14.669159,18.111871337890648,21.045986938476574,21.408441162109398,23.865143,137,27.467340087890648,27.588311767578148,5,17,May,No,No,No,No,No,nella norma
2010-05-18,15.008057,18.525598144531273,21.837512207031295,22.158422851562534,23.579224,138,27.680322265625023,27.802972412109398,5,18,May,No,No,No,No,No,nella norma
2010-05-19,12.560577,15.134179687500023,19.206298828125,19.60811462402347,21.596466,139,27.882440185546898,28.023889160156273,5,19,May,No,No,No,No,No,nella norma
2010-05-20,16.028717,19.16401062011721,21.588589477539074,21.85829772949222,23.331604,140,28.088037109375023,28.242700195312523,5,20,May,No,No,No,No,No,nella norma
2010-05-21,17.828766,20.790093994140648,23.51026000976566,23.807218933105503,25.535187,141,28.248284912109398,28.426019287109398,5,21,May,No,No,No,No,No,nella norma
2010-05-22,19.01004,21.865457153320335,24.82814636230472,25.031155395507824,26.291931,142,28.424676513671898,28.600366210937523,5,22,May,No,No,No,No,No,nella norma
2010-05-23,19.907776,22.663003540039085,25.59346618652347,25.833987426757858,27.45224,143,28.583947753906273,28.772393798828148,5,23,May,No,No,No,No,No,nella norma
2010-05-24,21.102997,23.57483825683596,26.757705688476562,26.926170349121094,27.98645,144,28.728051757812523,28.954461669921898,5,24,May,No,No,No,No,No,nella norma
2010-05-25,22.161163,24.596643066406273,27.42097167968751,27.575790405273438,29.474457,145,28.866967773437523,29.139093017578148,5,25,May,No,No,No,No,Yes,1 giorno
2010-05-26,20.18393,22.267572021484398,26.165499877929733,26.48572540283203,29.029388,146,29.095242309570438,29.367425537109398,5,26,May,No,No,No,No,No,nella norma
2010-05-27,17.699677,19.533380126953148,25.905349731445312,26.264366149902344,28.116547,147,29.363092041015648,29.588616943359398,5,27,May,No,No,No,No,No,nella norma
2010-05-28,19.116302,21.685159301757835,25.9634979248047,26.18324890136722,27.025543,148,29.624688720703148,29.772424316406273,5,28,May,No,No,No,No,No,nella norma
2010-05-29,17.622498,20.296487426757835,23.675079345703125,24.366754150390648,26.391663,149,29.814813232421898,29.952722167968773,5,29,May,No,No,No,No,No,nella norma
2010-05-30,19.10315,22.012612915039085,25.542413330078148,26.037695312500034,26.83429,150,30.006463623046898,30.130548095703148,5,30,May,No,No,No,No,No,nella norma
2010-05-31,16.668213,20.59723815917971,24.977578735351585,25.306622314453136,26.380615,151,30.168389892578148,30.325524902343716,5,31,May,No,No,No,No,No,nella norma
2010-06-01,18.000885,21.38800964355471,24.174914550781295,24.487849426269577,26.508728,152,30.311730957031273,30.557305908203148,6,1,June,No,No,No,No,No,nella norma
2010-06-02,17.764832,21.35785827636721,24.28321533203126,24.628039550781295,26.853912,153,30.496850585937523,30.770898437500023,6,2,June,No,No,No,No,No,nella norma
2010-06-03,19.36792,22.623071289062523,26.269458007812545,26.643840026855514,27.9888,154,30.750634765625023,30.983178710937523,6,3,June,No,No,No,No,No,nella norma
2010-06-04,22.167389,24.644876098632835,27.58510437011722,27.754179382324253,29.346588,155,30.952569580078148,31.210839843750023,6,4,June,No,No,No,No,No,nella norma
2010-06-05,22.925995,25.133645629882835,28.48004150390625,28.79390563964847,30.383423,156,31.131860351562523,31.456201171875023,6,5,June,No,No,No,No,No,nella norma
2010-06-06,23.20581,25.60706481933596,29.074880981445347,29.24610290527346,30.81726,157,31.335015869140648,31.696466064453148,6,6,June,No,No,No,No,No,nella norma
2010-06-07,21.310791,23.698449707031273,28.196640014648438,28.519154357910168,29.454437,158,31.518853759765648,31.942132568359398,6,7,June,No,No,No,No,No,nella norma
2010-06-08,21.927002,24.169671630859398,29.610385131835983,30.00550537109376,31.051575,159,31.725579833984398,32.177087402343716,6,8,June,No,No,No,No,No,nella norma
2010-06-09,23.399841,26.054132080078148,30.19111328125001,30.476426696777366,32.17688,160,31.985467529296898,32.39739379882815,6,9,June,No,No,No,No,No,nella norma
2010-06-10,24.507233,26.981469726562523,31.307876586914062,31.944700622558628,33.02478,161,32.21123657226565,32.63009033203127,6,10,June,No,No,No,No,Yes,1 giorno
2010-06-11,24.833496,27.084497070312523,31.220855712890625,31.490463256835938,33.60083,162,32.4012390136719,32.87410888671877,6,11,June,No,No,No,No,Yes,2 giorno
2010-06-12,24.763824,26.80103454589846,31.71546630859376,32.00029754638672,35.41577,163,32.64983520507815,33.11086425781252,6,12,June,No,No,No,No,Yes,3 giorno
2010-06-13,24.457306,26.306726074218773,31.57410888671876,32.02164001464848,33.92993,164,32.92485961914065,33.32586059570315,6,13,June,No,No,No,No,Yes,4 giorno
2010-06-14,22.880035,25.065057373046898,29.840383911132847,30.260469055175804,32.444977,165,33.22136840820315,33.53826293945315,6,14,June,No,No,No,No,No,nella norma
2010-06-15,18.008362,19.844216918945335,24.00184020996096,24.41260833740239,25.89746,166,33.5414978027344,33.75045166015627,6,15,June,No,No,No,No,No,nella norma
2010-06-16,19.059052,20.01630554199221,25.691510009765636,27.03846130371096,29.45337,167,33.87273559570315,33.96926269531252,6,16,June,No,No,No,No,No,nella norma
2010-06-17,18.77005,21.116815185546898,25.150967407226574,25.544790649414097,27.63147,168,34.1461120605469,34.18776855468752,6,17,June,No,No,No,No,No,nella norma
2010-06-18,20.511414,23.09687194824221,27.588638305664062,27.91089782714846,29.321625,169,34.3836608886719,34.3900085449219,6,18,June,No,No,No,No,No,nella norma
2010-06-19,17.039246,19.84174499511721,22.654718017578148,23.56707458496095,25.409943,170,34.62676391601565,34.57036743164065,6,19,June,No,No,No,No,No,nella norma
2010-06-20,11.502502,13.884484863281273,18.196524047851597,18.980801391601574,20.570648,171,34.84005126953127,34.7437683105469,6,20,June,No,No,No,No,No,nella norma
2010-06-21,16.423431,19.890115356445335,24.200790405273438,24.969895935058616,25.963837,172,35.02077636718752,34.90105590820315,6,21,June,No,No,No,No,No,nella norma
2010-06-22,18.985962,22.116006469726585,26.033923339843795,26.432852172851597,28.01941,173,35.21383056640627,35.04876098632815,6,22,June,No,No,No,No,No,nella norma
2010-06-23,20.002747,22.267755126953148,26.616693115234398,27.042948913574264,28.571198,174,35.40651855468752,35.17934570312502,6,23,June,No,No,No,No,No,nella norma
2010-06-24,21.754883,23.938073730468773,28.17073364257817,28.609416198730514,30.496918,175,35.567562866211006,35.3032165527344,6,24,June,No,No,No,No,No,nella norma
2010-06-25,22.76596,24.658380126953148,29.244778442382824,29.73060913085942,30.815063,176,35.74675903320315,35.42604980468752,6,25,June,No,No,No,No,No,nella norma
2010-06-26,24.245941,26.399438476562523,30.461593627929688,30.643522644043003,31.966919,177,35.88222656250002,35.56063232421877,6,26,June,No,No,No,No,No,nella norma
2010-06-27,25.269257,27.255349731445335,31.444848632812523,31.705711364746094,32.88971,178,35.9706970214844,35.70107421875002,6,27,June,No,No,No,No,No,nella norma
2010-06-28,26.11737,28.014550781250023,32.26434326171875,32.55805358886721,33.90564,179,36.0537048339844,35.80928955078127,6,28,June,No,No,No,No,No,nella norma
2010-06-29,25.729187,27.522744750976585,31.97779235839846,32.29554138183596,33.322052,180,36.10671386718752,35.90175781250002,6,29,June,No,No,No,No,No,nella norma
2010-06-30,25.595886,27.392358398437523,31.879611206054733,32.74818725585942,34.45764,181,36.15957031250002,36.01247558593752,6,30,June,No,No,No,No,No,nella norma
2010-07-01,26.678314,28.69361267089846,33.374926757812545,33.617468261718784,35.225555,182,36.1771179199219,36.1141296386719,7,1,July,No,No,No,No,No,nella norma
2010-07-02,28.480255,30.859719848632835,35.344268798828125,35.56703338623049,36.979523,183,36.18682250976565,36.20513305664065,7,2,July,No,No,No,No,Yes,1 giorno
2010-07-03,28.110565,30.165933227539085,34.84123840332035,35.23712310791018,36.78351,184,36.2205749511719,36.2971130371094,7,3,July,No,No,No,No,Yes,2 giorno
2010-07-04,28.160126,30.703469848632835,35.60173034667969,36.00419769287112,37.80487,185,36.27907714843752,36.39840087890627,7,4,July,No,No,No,No,Yes,3 giorno
2010-07-05,26.784332,29.539544677734398,32.933935546875034,33.12993469238285,34.84372,186,36.37001953125002,36.49614868164065,7,5,July,No,No,No,No,No,nella norma
2010-07-06,25.062958,27.826287841796898,31.601065063476597,32.04772186279297,34.499176,187,36.4338317871094,36.59356079101565,7,6,July,No,No,No,No,No,nella norma
2010-07-07,24.756927,27.043542480468773,30.69100036621097,31.12335662841798,32.8132,188,36.4876647949219,36.68047485351565,7,7,July,No,No,No,No,No,nella norma
2010-07-08,26.307495,28.046228027343773,32.151232910156295,32.634068298339855,34.180756,189,36.54439697265627,36.7820983886719,7,8,July,No,No,No,No,No,nella norma
2010-07-09,28.793243,30.529473876953148,34.26552124023442,34.51215972900394,36.313293,190,36.6113220214844,36.84575805664065,7,9,July,No,No,No,No,No,nella norma
2010-07-10,29.78299,31.619592285156273,35.44815368652348,35.61141052246097,37.38553,191,36.68093261718752,36.8915954589844,7,10,July,No,No,No,No,Yes,1 giorno
2010-07-11,29.712494,31.881997680664085,36.27607727050781,36.529014587402344,37.386536,192,36.726403808593716,36.9435974121094,7,11,July,No,No,No,No,Yes,2 giorno
2010-07-12,29.268433,31.552728271484398,35.953405761718784,36.39339294433597,38.140045,193,36.81386718750002,36.98757324218752,7,12,July,No,No,No,No,Yes,3 giorno
2010-07-13,28.844849,31.37445983886721,36.30580749511722,36.71843109130862,38.752228,194,36.91973266601565,37.044763183593716,7,13,July,No,No,No,No,Yes,4 giorno
2010-07-14,29.726532,32.14559326171877,37.056127929687534,37.44429931640627,38.93799,195,37.05043945312502,37.0803161621094,7,14,July,No,No,No,Yes,Yes,5 giorno
2010-07-15,30.703705,32.88994750976565,37.98033142089844,38.26484527587894,39.7269,196,37.17385253906252,37.1453796386719,7,15,July,No,No,Yes,Yes,Yes,6 giorno
2010-07-16,31.756561,34.03438720703127,38.48137817382815,38.86590576171875,40.97635,197,37.34475097656252,37.1882263183594,7,16,July,No,No,Yes,Yes,Yes,7 giorno
2010-07-17,31.543823,34.402261352539085,38.53581848144535,38.96815490722656,41.48752,198,37.46108398437502,37.22945556640627,7,17,July,No,No,Yes,Yes,Yes,8 giorno
2010-07-18,26.4404,29.846704101562523,33.9134429931641,34.23023376464846,35.62613,199,37.511071777343716,37.2912536621094,7,18,July,No,No,No,No,No,nella norma
2010-07-19,26.512848,28.831597900390648,32.63216247558597,33.00845184326175,34.967957,200,37.52858886718752,37.3521667480469,7,19,July,No,No,No,No,No,nella norma
2010-07-20,27.707306,29.933755493164085,33.685403442382835,34.13148193359376,36.933228,201,37.54268798828127,37.40450439453127,7,20,July,No,No,No,No,No,nella norma
2010-07-21,27.94104,30.550531005859398,35.41665954589848,35.81355895996097,37.314148,202,37.63076171875002,37.4493347167969,7,21,July,No,No,No,No,No,nella norma
2010-07-22,29.353271,31.647073364257835,36.898587036132824,37.35057830810547,39.13269,203,37.66948852539065,37.4711853027344,7,22,July,No,No,No,No,Yes,1 giorno
2010-07-23,28.641846,30.67011413574221,37.04502868652344,37.53791809082031,40.048187,204,37.71187744140627,37.4737487792969,7,23,July,No,No,No,Yes,Yes,2 giorno
2010-07-24,23.015472,26.620416259765648,31.93727722167972,32.32439117431642,33.940918,205,37.72945556640627,37.47512207031252,7,24,July,No,No,No,No,No,nella norma
2010-07-25,23.389954,26.617532348632835,31.262454223632858,31.62176971435548,33.18051,206,37.747399902343716,37.5023132324219,7,25,July,No,No,No,No,No,nella norma
2010-07-26,21.827332,24.747979736328148,28.969042968750045,29.296112060546875,30.532684,207,37.80227050781252,37.51247558593752,7,26,July,No,No,No,No,No,nella norma
2010-07-27,22.710938,25.886514282226585,30.549279785156273,31.04419097900393,33.576447,208,37.84145507812502,37.49309692382815,7,27,July,No,No,No,No,No,nella norma
2010-07-28,25.22113,28.14576110839846,32.5590728759766,32.79645538330078,34.162964,209,37.8511901855469,37.46306762695315,7,28,July,No,No,No,No,No,nella norma
2010-07-29,19.859314,22.469461059570335,28.540634155273438,29.638656616210938,33.809235,210,37.841149902343716,37.46682128906252,7,29,July,No,No,No,No,No,nella norma
2010-07-30,20.750275,24.154504394531273,28.42043151855472,28.81922454833989,30.20868,211,37.7807556152344,37.46477661132815,7,30,July,No,No,No,No,No,nella norma
2010-07-31,23.35141,25.896646118164085,29.728991699218795,30.05461883544922,31.72107,212,37.65960083007815,37.46688232421877,7,31,July,No,No,No,No,No,nella norma
2010-08-01,26.007263,28.402947998046898,32.021350097656295,32.32463684082035,33.430023,213,37.57674560546877,37.45635375976565,8,1,August,No,No,No,No,No,nella norma
2010-08-02,26.330383,28.84833679199221,33.93666381835942,34.48357391357422,36.76169,214,37.55611572265627,37.44255981445315,8,2,August,No,No,No,No,No,nella norma
2010-08-03,25.79129,29.185891723632835,33.80769653320317,34.11438751220703,36.194855,215,37.51812133789065,37.4345642089844,8,3,August,No,No,No,No,No,nella norma
2010-08-04,24.04599,26.807717895507835,30.683883666992188,31.018782043457065,32.442566,216,37.4453063964844,37.40435180664065,8,4,August,No,No,No,No,No,nella norma
2010-08-05,16.802948,19.148950195312523,23.281814575195312,23.94691009521489,27.943695,217,37.34194335937502,37.37078247070315,8,5,August,No,No,No,No,No,nella norma
2010-08-06,19.890076,23.40577087402346,27.185220336914085,27.453909301757847,28.591461,218,37.31902465820315,37.3286071777344,8,6,August,No,No,No,No,No,nella norma
2010-08-07,22.82962,25.535333251953148,29.563015747070324,29.905073547363315,31.682007,219,37.23220214843752,37.28508911132815,8,7,August,No,No,No,No,No,nella norma
2010-08-08,24.1904,26.884912109375023,30.874496459960938,31.522631835937545,32.410828,220,37.197106933593716,37.20876464843752,8,8,August,No,No,No,No,No,nella norma
2010-08-09,25.200623,27.66358337402346,31.87098999023442,32.21894073486328,33.6987,221,37.15984497070315,37.14754638671877,8,9,August,No,No,No,No,No,nella norma
2010-08-10,26.098907,28.623681640625023,32.73512573242192,32.92816925048828,34.323914,222,37.06887207031252,37.102380371093716,8,10,August,No,No,No,No,No,nella norma
2010-08-11,25.42035,27.72504577636721,33.28742675781251,33.653906250000034,35.253754,223,36.95916137695315,37.04738769531252,8,11,August,No,No,No,No,No,nella norma
2010-08-12,24.565948,27.120416259765648,32.69983215332036,33.09693756103519,34.46399,224,36.84041748046877,36.97658691406252,8,12,August,No,No,No,No,No,nella norma
2010-08-13,20.161438,21.432061767578148,28.449432373046875,30.056826782226608,31.605957,225,36.76018676757815,36.8793884277344,8,13,August,No,No,No,No,No,nella norma
2010-08-14,22.654602,24.706521606445335,29.596160888671875,29.869003295898438,30.886292,226,36.7425476074219,36.80755004882815,8,14,August,No,No,No,No,No,nella norma
2010-08-15,21.305145,23.26954040527346,30.248266601562534,30.724702453613304,32.104614,227,36.7575622558594,36.70455322265627,8,15,August,No,No,No,No,No,nella norma
2010-08-16,19.28772,21.861016845703148,28.108084106445347,28.44922027587893,29.809875,228,36.7504821777344,36.59307250976565,8,16,August,No,No,No,No,No,nella norma
2010-08-17,21.658905,24.229043579101585,28.90337829589845,29.233262634277366,30.260803,229,36.68154296875002,36.4684997558594,8,17,August,No,No,No,No,No,nella norma
2010-08-18,22.294983,24.65216979980471,29.570422363281295,29.94428253173828,31.412354,230,36.61467895507815,36.3073669433594,8,18,August,No,No,No,No,No,nella norma
2010-08-19,24.718994,27.15613708496096,31.871020507812545,32.141711425781295,33.062836,231,36.56316528320315,36.1362243652344,8,19,August,No,No,No,No,No,nella norma
2010-08-20,23.22821,24.43879089355471,31.45491333007817,32.36189422607424,33.8743,232,36.4798522949219,35.95803222656252,8,20,August,No,No,No,No,No,nella norma
2010-08-21,26.700745,29.014947509765648,33.055090332031284,33.271336364746105,34.645874,233,36.3358093261719,35.7897888183594,8,21,August,No,No,No,No,No,nella norma
2010-08-22,27.288849,29.654473876953148,33.92995300292972,34.166719055175804,35.315582,234,36.20614013671877,35.651696777343716,8,22,August,No,No,No,No,No,nella norma
2010-08-23,27.607147,30.199639892578148,35.419903564453136,35.87532348632817,36.82074,235,36.01824340820315,35.5279479980469,8,23,August,No,No,No,Yes,Yes,1 giorno
2010-08-24,26.885101,28.914514160156273,33.8242095947266,34.11822204589845,35.809784,236,35.76018676757815,35.4003845214844,8,24,August,No,No,No,No,Yes,2 giorno
2010-08-25,25.67511,27.967996215820335,32.794177246093795,33.17597808837894,34.866974,237,35.47918090820315,35.25124511718752,8,25,August,No,No,No,No,No,nella norma
2010-08-26,27.184265,29.038781738281273,33.32259216308597,33.63074035644536,34.316162,238,35.2114196777344,35.09588012695315,8,26,August,No,No,No,No,No,nella norma
2010-08-27,26.307098,28.022378540039085,34.580715942382824,35.30169982910161,37.444244,239,34.92241821289065,34.94594726562502,8,27,August,No,No,No,Yes,Yes,1 giorno
2010-08-28,24.382812,27.869256591796898,33.51006469726565,33.89776306152345,35.352203,240,34.6096130371094,34.78093872070315,8,28,August,No,No,No,No,Yes,2 giorno
2010-08-29,19.869904,22.625177001953148,27.082373046875034,27.398818969726562,29.046906,241,34.2716003417969,34.58614501953127,8,29,August,No,No,No,No,No,nella norma
2010-08-30,18.639435,22.006814575195335,27.500747680664062,27.87665863037114,29.693268,242,33.92354736328127,34.41423950195315,8,30,August,No,No,No,No,No,nella norma
2010-08-31,18.82956,22.229974365234398,26.566677856445324,26.876431274414074,28.534637,243,33.608239746093716,34.19259033203127,8,31,August,No,No,No,No,No,nella norma
2010-09-01,19.009277,21.520349121093773,25.703030395507824,25.972636413574264,27.130188,244,33.25124511718752,33.95220336914065,9,1,September,No,No,No,No,No,nella norma
2010-09-02,20.550262,22.70917663574221,26.912133789062523,27.397190856933605,28.657806,245,32.94472656250002,33.7120300292969,9,2,September,No,No,No,No,No,nella norma
2010-09-03,22.183807,24.51636657714846,28.098300170898483,28.368940734863315,29.739807,246,32.63723144531252,33.49028930664065,9,3,September,No,No,No,No,No,nella norma
2010-09-04,22.37503,24.77900085449221,28.370095825195335,28.56734313964847,30.169708,247,32.38906250000002,33.232751464843716,9,4,September,No,No,No,No,No,nella norma
2010-09-05,20.039978,22.718072509765648,25.067642211914062,25.555824279785156,28.463837,248,32.171566772461006,32.96578369140627,9,5,September,No,No,No,No,No,nella norma
2010-09-06,20.264221,22.631997680664085,25.89949340820317,26.259872436523438,28.190826,249,31.961602783203148,32.70281372070315,9,6,September,No,No,No,No,No,nella norma
2010-09-07,16.41977,18.111550903320335,23.578829956054733,24.717561340332054,26.349518,250,31.756066894531273,32.43532714843752,9,7,September,No,No,No,No,No,nella norma
2010-09-08,19.783478,21.67762145996096,27.48218688964846,28.148963928222656,31.211395,251,31.584649658203148,32.18300781250002,9,8,September,No,No,No,No,No,nella norma
2010-09-09,19.867218,22.689019775390648,26.80391235351567,27.44380798339847,28.828217,252,31.416253662109398,31.921807861328148,9,9,September,No,No,No,No,No,nella norma
2010-09-10,19.389008,21.942956542968773,26.035079956054688,26.323408508300815,27.582031,253,31.330010986328148,31.690942382812523,9,10,September,No,No,No,No,No,nella norma
2010-09-11,20.673279,23.034478759765648,27.138043212890636,27.371438598632835,28.722626,254,31.172204589843716,31.422296142578148,9,11,September,No,No,No,No,No,nella norma
2010-09-12,21.093903,23.39423522949221,27.06464233398441,27.27074432373047,27.925354,255,30.998101806640648,31.174829101562523,9,12,September,No,No,No,No,No,nella norma
2010-09-13,17.397919,20.782373046875023,24.878878784179733,26.131825256347668,27.797882,256,30.781182861328148,30.927209472656273,9,13,September,No,No,No,No,No,nella norma
2010-09-14,19.83664,22.275506591796898,26.236050415039074,26.447067260742188,27.493134,257,30.595117187500023,30.695123291015648,9,14,September,No,No,No,No,No,nella norma
2010-09-15,22.074432,24.577264404296898,28.70581665039066,29.003233337402378,29.933594,258,30.433587646484398,30.463555908203148,9,15,September,No,No,No,No,No,nella norma
2010-09-16,21.532227,24.047509765625023,28.143423461914097,28.52821197509769,30.20523,259,30.286523437500023,30.237329101562523,9,16,September,No,No,No,No,No,nella norma
2010-09-17,19.185394,21.712731933593773,25.171923828125045,25.398025512695312,26.559204,260,30.067193603515648,30.030969238281273,9,17,September,No,No,No,No,No,nella norma
2010-09-18,14.987854,16.698480224609398,21.229595947265636,22.533441162109398,26.089752,261,29.806268310546898,29.850457763671898,9,18,September,No,No,No,No,No,nella norma
2010-09-19,17.709686,20.282312011718773,23.960003662109386,24.199572753906295,25.226166,262,29.537896728515648,29.632989501953148,9,19,September,No,No,No,No,No,nella norma
2010-09-20,17.180817,19.445046997070335,22.758282470703136,22.923257446289085,23.925629,263,29.176904296875023,29.420251464843716,9,20,September,No,No,No,No,No,nella norma
2010-09-21,19.071136,20.95917663574221,24.04536132812501,24.219912719726608,25.530304,264,28.849908447265648,29.198937988281273,9,21,September,No,No,No,No,No,nella norma
2010-09-22,19.785583,21.696710205078148,24.741442871093795,24.990350341796898,26.040863,265,28.553979492187523,28.995568847656273,9,22,September,No,No,No,No,No,nella norma
2010-09-23,19.159302,21.248590087890648,24.082119750976574,24.484115600585938,26.199371,266,28.262292480468773,28.797204589843716,9,23,September,No,No,No,No,No,nella norma
2010-09-24,17.544586,20.09583435058596,24.102459716796886,24.596553039550827,25.846466,267,28.012719726562523,28.584252929687523,9,24,September,No,No,No,No,No,nella norma
2010-09-25,14.431366,17.398599243164085,20.920095825195347,21.39259490966799,22.150482,268,27.769952392578148,28.343011474609398,9,25,September,No,No,No,No,No,nella norma
2010-09-26,15.084625,18.60334167480471,22.24476928710942,22.680709838867188,23.37442,269,27.523583984375023,28.082055664062523,9,26,September,No,No,No,No,No,nella norma
2010-09-27,12.664734,15.561013793945335,19.530215454101608,20.147517395019577,21.793762,270,27.289666748046898,27.832055664062523,9,27,September,No,No,No,No,No,nella norma
2010-09-28,12.571106,14.954934692382835,18.877001953125045,19.516783142089878,21.9133,271,27.032464599609398,27.529809570312523,9,28,September,No,No,No,No,No,nella norma
2010-09-29,14.438995,17.355874633789085,20.554617309570347,20.788995361328148,21.78592,272,26.760247802734398,27.249505615234398,9,29,September,No,No,No,No,No,nella norma
2010-09-30,14.813599,17.806024169921898,20.82448425292972,21.143977355957077,21.952393,273,26.472039794921898,26.973718261718773,9,30,September,No,No,No,No,No,nella norma
2010-10-01,13.796936,16.551477050781273,20.11945190429691,20.649438476562523,21.518555,274,26.223992919921898,26.718927001953148,10,1,October,No,No,No,No,No,nella norma
2010-10-02,15.156525,17.60382995605471,21.90956420898442,22.148115539550815,22.935303,275,25.985711669921898,26.469995117187523,10,2,October,No,No,No,No,No,nella norma
2010-10-03,16.389618,19.286737060546898,23.149621582031273,23.481355285644554,24.32251,276,25.775079345703148,26.233544921875023,10,3,October,No,No,No,No,No,nella norma
2010-10-04,16.118713,17.712304687500023,22.81768493652345,23.474275207519554,25.069397,277,25.620965576171898,25.985101318359398,10,4,October,No,No,No,No,No,nella norma
2010-10-05,17.303894,18.852868652343773,23.96144409179692,24.36342163085942,25.783234,278,25.391656494140648,25.762292480468773,10,5,October,No,No,No,No,Yes,1 giorno
2010-10-06,18.323303,20.43573913574221,23.41060485839847,23.57490234375001,24.331665,279,25.141320800781273,25.525109863281273,10,6,October,No,No,No,No,No,nella norma
2010-10-07,16.374023,18.496682739257835,20.672534179687545,21.374111938476574,23.733582,280,24.900628662109398,25.278497314453148,10,7,October,No,No,No,No,No,nella norma
2010-10-08,14.514893,16.32831726074221,19.09371032714847,19.429722595214855,21.450165,281,24.722558593750023,25.020379638671898,10,8,October,No,No,No,No,No,nella norma
2010-10-09,12.756592,14.862939453125023,17.34352416992192,17.629417419433594,19.020996,282,24.491937255859398,24.772241210937523,10,9,October,No,No,No,No,No,nella norma
2010-10-10,12.707184,14.885156250000023,17.473742675781295,17.701084899902355,19.097168,283,24.232263183593716,24.541345214843716,10,10,October,No,No,No,No,No,nella norma
2010-10-11,12.521576,14.286309814453148,17.630996704101562,17.84913482666019,20.127167,284,23.950189208984398,24.321313476562523,10,11,October,No,No,No,No,No,nella norma
2010-10-12,13.760315,15.68384704589846,18.433221435546898,18.628286743164097,19.802734,285,23.754785156250023,24.128198242187523,10,12,October,No,No,No,No,No,nella norma
2010-10-13,14.1414795,15.960351562500023,19.030654907226562,19.216598510742188,20.579437,286,23.533441162109398,23.882684326171898,10,13,October,No,No,No,No,No,nella norma
2010-10-14,14.561218,16.331948852539085,19.42006530761722,19.640100097656273,21.271088,287,23.298883056640648,23.661614990234398,10,14,October,No,No,No,No,No,nella norma
2010-10-15,12.990387,15.293634033203148,17.898370361328148,18.176809692382847,19.446472,288,23.061364746093716,23.413964843750023,10,15,October,No,No,No,No,No,nella norma
2010-10-16,10.427429,13.571832275390648,16.05666198730472,16.42028045654297,17.842072,289,22.809167480468773,23.212945556640648,10,16,October,No,No,No,No,No,nella norma
2010-10-17,7.4522095,10.033990478515648,12.166629028320358,12.44091796875,14.188171,290,22.594049072265648,22.967889404296898,10,17,October,No,No,No,No,No,nella norma
2010-10-18,10.139465,12.933389282226585,15.781866455078159,16.021788024902378,17.444977,291,22.357324218750023,22.701715087890648,10,18,October,No,No,No,No,No,nella norma
2010-10-19,10.7482605,13.740991210937523,16.22529907226567,16.85798187255864,18.01886,292,22.053369140625023,22.420190429687523,10,19,October,No,No,No,No,No,nella norma
2010-10-20,9.913269,13.904397583007835,16.477615356445312,16.8727996826172,18.106018,293,21.816186523437523,22.167321777343716,10,20,October,No,No,No,No,No,nella norma
2010-10-21,7.906769,11.11322937011721,13.770681762695347,14.025303649902355,15.369415,294,21.518426513671898,21.907098388671898,10,21,October,No,No,No,No,No,nella norma
2010-10-22,8.244049,10.80707702636721,13.108639526367199,13.41004791259769,14.3905945,295,21.268731689453148,21.670037841796898,10,22,October,No,No,No,No,No,nella norma
2010-10-23,8.48233,11.149285888671898,13.128689575195324,13.733766174316429,14.880463,296,20.998315429687523,21.426446533203148,10,23,October,No,No,No,No,No,nella norma
2010-10-24,8.687653,11.310571289062523,14.155786132812523,14.816978454589844,18.8685,297,20.713403320312523,21.171807861328148,10,24,October,No,No,No,No,No,nella norma
2010-10-25,6.373291,8.97541198730471,13.810882568359375,15.667523193359386,18.755005,298,20.446832275390648,20.913903808593716,10,25,October,No,No,No,No,No,nella norma
2010-10-26,5.2304688,8.402810668945335,10.268344116210983,10.564920043945335,14.148712,299,20.161767578125023,20.629327392578148,10,26,October,No,No,No,No,No,nella norma
2010-10-27,6.3805237,8.588189697265648,10.750717163085938,11.058528137207077,11.969696,300,19.918634033203148,20.335717773437523,10,27,October,No,No,No,No,No,nella norma
2010-10-28,7.7851257,9.311364746093773,11.04463500976567,11.229454040527344,12.030243,301,19.633905029296898,20.066217041015648,10,28,October,No,No,No,No,No,nella norma
2010-10-29,9.298218,11.52875671386721,12.707913208007824,13.024111938476608,14.748322,302,19.357324218750023,19.797448730468773,10,29,October,No,No,No,No,No,nella norma
2010-10-30,8.315308,10.788110351562523,12.549581909179722,12.899162292480469,14.370544,303,19.111047363281273,19.546014404296898,10,30,October,No,No,No,No,No,nella norma
2010-10-31,7.996399,9.496804809570335,12.710556030273438,13.960760498046909,18.160217,304,18.810021972656273,19.268609619140648,10,31,October,No,No,No,No,No,nella norma
2010-11-01,10.918488,12.888848876953148,15.788256835937545,16.44477996826174,17.583588,305,18.496945190429756,18.963098144531273,11,1,November,No,No,No,No,No,nella norma
2010-11-02,11.351105,13.511575317382835,16.051077270507847,16.45123901367191,17.494476,306,18.160852050781273,18.669427490234398,11,2,November,No,No,No,No,No,nella norma
2010-11-03,12.147675,14.540765380859398,16.640423583984386,16.864949035644543,17.883331,307,17.795953369140648,18.377374267578148,11,3,November,No,No,No,No,No,nella norma
2010-11-04,11.918793,13.73316345214846,16.185388183593773,16.497912597656295,17.829926,308,17.469476318359398,18.113244628906273,11,4,November,No,No,No,No,No,nella norma
2010-11-05,12.147308,13.229104614257835,15.332141113281295,15.516764831543014,16.828308,309,17.155175781250023,17.849450683593716,11,5,November,No,No,No,No,No,nella norma
2010-11-06,10.795929,12.339379882812523,14.824652099609409,15.095112609863293,16.990051,310,16.868524169921898,17.602838134765648,11,6,November,No,No,No,No,No,nella norma
2010-11-07,8.435669,10.724938964843773,14.218194580078148,15.045957946777378,18.21167,311,16.577813720703148,17.359368896484398,11,7,November,No,No,No,No,Yes,1 giorno
2010-11-08,7.556061,9.976434326171898,14.605581665039097,15.208038330078125,16.21576,312,16.321771240234398,17.097863769531273,11,8,November,No,No,No,No,No,nella norma
2010-11-09,5.657074,8.174340820312523,10.860043334960949,11.340194702148438,13.331482,313,16.076318359375023,16.842858886718773,11,9,November,No,No,No,No,No,nella norma
2010-11-10,6.5646667,9.119424438476585,11.803845214843761,12.565235900878918,16.430176,314,15.814782714843716,16.587701416015648,11,10,November,No,No,No,No,No,nella norma
2010-11-11,6.7691345,9.470132446289085,11.793246459960983,12.119686889648449,13.52887,315,15.519891357421898,16.305932617187523,11,11,November,No,No,No,No,No,nella norma
2010-11-12,8.500641,10.219049072265648,13.015982055664097,13.334286499023449,14.453918,316,15.188500976562523,16.010766601562523,11,12,November,No,No,No,No,No,nella norma
2010-11-13,9.382874,10.82349548339846,12.526229858398438,12.912471008300827,14.983185,317,14.849633789062523,15.731072998046898,11,13,November,No,No,No,No,No,nella norma
2010-11-14,8.609863,10.483697509765648,13.792385864257824,15.010548400878918,18.447235,318,14.564416503906273,15.447167968750023,11,14,November,No,No,No,No,Yes,1 giorno
2010-11-15,9.145996,11.022210693359398,13.83290405273442,14.599961853027366,16.229797,319,14.264916992187523,15.162927246093716,11,15,November,No,No,No,No,Yes,2 giorno
2010-11-16,9.147064,11.011987304687523,14.615087890625034,15.076812744140625,16.033722,320,13.984002685546898,14.884576416015648,11,16,November,No,No,No,Yes,Yes,3 giorno
2010-11-17,7.7603455,10.152398681640648,13.264752197265636,13.559774780273472,14.846558,321,13.772790527343716,14.603143310546898,11,17,November,No,No,No,No,Yes,4 giorno
2010-11-18,6.6239624,9.025979614257835,12.533303833007835,12.764387512207065,13.352386,322,13.598321533203148,14.313134765625023,11,18,November,No,No,No,No,No,nella norma
2010-11-19,6.3706665,9.661920166015648,11.849215698242233,12.048556518554733,13.354706,323,13.346643066406273,14.004876708984398,11,19,November,No,No,No,No,No,nella norma
2010-11-20,5.0060425,7.395776367187523,10.626217651367199,10.826493835449241,12.174103,324,13.121118164062523,13.714227294921898,11,20,November,No,No,No,No,No,nella norma
2010-11-21,5.6591797,7.48298034667971,10.732171630859398,11.260884094238293,13.170959,325,12.892144775390648,13.446527099609398,11,21,November,No,No,No,No,No,nella norma
2010-11-22,5.4777527,8.194207763671898,10.374792480468784,10.791889953613293,12.941803,326,12.659143066406273,13.196801757812523,11,22,November,No,No,No,No,No,nella norma
2010-11-23,5.1752625,8.624368286132835,10.599746704101562,10.924900817871105,12.394165,327,12.415826416015648,12.945092773437523,11,23,November,No,No,No,No,No,nella norma
2010-11-24,2.7737427,5.85053405761721,9.579644775390648,10.123124694824241,10.821014,328,12.169430541992256,12.711358642578148,11,24,November,No,No,No,No,No,nella norma
2010-11-25,1.3499756,4.676904296875023,6.619772338867222,7.041096496582043,8.559906,329,11.895410156250023,12.505456542968773,11,25,November,No,No,No,No,No,nella norma
2010-11-26,-0.58148193,1.6102844238281477,5.697775268554722,6.402061462402344,9.461365,330,11.659967041015648,12.266564941406273,11,26,November,No,No,No,No,No,nella norma
2010-11-27,-1.9723511,1.0182891845703352,3.6632843017578125,4.114775085449253,6.0868225,331,11.455712890625023,12.028833007812523,11,27,November,No,No,No,No,No,nella norma
2010-11-28,-0.49771118,0.33956298828127274,4.726300048828136,5.245434570312511,7.8750305,332,11.276116943359398,11.799401855468773,11,28,November,No,No,No,No,No,nella norma
2010-11-29,0.68640137,3.5999542236328352,6.178262329101585,6.734040832519554,8.95401,333,11.103784179687523,11.551202392578148,11,29,November,No,No,No,No,No,nella norma
2010-11-30,-1.342041,0.5904479980468977,4.08875427246096,4.8582031250000455,6.657654,334,10.910302734375023,11.319757080078148,11,30,November,No,No,No,No,No,nella norma
2010-12-01,-0.8338318,0.07525024414064774,2.2483398437500455,3.062840270996105,5.838623,335,10.721185302734398,11.111047363281273,12,1,December,No,No,No,No,No,nella norma
2010-12-02,-0.23931885,0.6911102294922102,4.3527404785156705,4.860729980468761,6.9707947,336,10.474267578125023,10.910546875000023,12,2,December,No,No,No,No,No,nella norma
2010-12-03,-0.36376953,1.2381683349609602,5.0146972656250455,5.1818099975586165,7.3612976,337,10.236569213867256,10.702905273437523,12,3,December,No,No,No,No,No,nella norma
2010-12-04,-1.4781494,0.5925689697265852,4.3833770751953125,4.747796630859398,7.200836,338,10.002954101562523,10.542626953125023,12,4,December,No,No,No,No,No,nella norma
2010-12-05,-1.6022949,0.35065612792971024,2.7458740234375227,3.1118621826171875,5.455536,339,9.813134765625023,10.381524658203148,12,5,December,No,No,No,No,No,nella norma
2010-12-06,-0.4008789,0.14762268066408524,3.3502960205078125,3.781347656250034,7.259674,340,9.608911132812523,10.207238769531273,12,6,December,No,No,No,No,No,nella norma
2010-12-07,2.6381226,2.8781982421875227,5.4860076904296875,6.623953247070347,10.727966,341,9.438745117187523,10.066156005859398,12,7,December,No,No,No,No,Yes,1 giorno
2010-12-08,3.946991,4.730203247070335,6.892999267578148,7.527192687988304,12.336212,342,9.275231933593716,9.940301513671898,12,8,December,No,No,No,No,Yes,2 giorno
2010-12-09,3.0626526,6.611871337890648,10.121920776367233,10.621664428710972,12.669922,343,9.177148437500023,9.799310302734398,12,9,December,No,No,Yes,Yes,Yes,3 giorno
2010-12-10,-1.4519348,1.1686645507812727,2.92279052734375,3.439334106445358,7.2385864,344,9.097009277343716,9.630761718750023,12,10,December,No,No,No,No,No,nella norma
2010-12-11,0.8926697,1.6242767333984602,3.5766448974609375,4.831962585449219,9.7638855,345,9.043267822265648,9.473291015625023,12,11,December,No,No,No,No,Yes,1 giorno
2010-12-12,-0.5682678,0.9563995361328352,4.238198852539085,5.214111328125,9.954315,346,8.960321044921898,9.330682373046898,12,12,December,No,No,No,No,Yes,2 giorno
2010-12-13,-1.9023743,1.3579650878906477,3.3674743652343864,4.081031799316406,7.503174,347,8.836663818359398,9.199884033203148,12,13,December,No,No,No,No,No,nella norma
2010-12-14,-4.8266296,-1.0160583496093523,0.1261749267578125,0.2488876342773665,2.980774,348,8.704980468750023,9.080163574218773,12,14,December,No,No,No,No,No,nella norma
2010-12-15,-5.486511,-1.9080261230468523,-0.4282318115234034,0.04285583496096024,3.6499329,349,8.703240966796898,8.977227783203148,12,15,December,No,No,No,No,No,nella norma
2010-12-16,-6.2537537,-2.8965057373046648,-1.4337493896484261,-1.2150024414062273,2.091919,350,8.687860107421898,8.884698486328148,12,16,December,No,No,No,No,No,nella norma
2010-12-17,-6.149597,-4.23863830566404,-2.2111022949218295,-1.81658935546875,0.74450684,351,8.664971923828148,8.826928710937523,12,17,December,No,No,No,No,No,nella norma
2010-12-18,-5.2824097,-2.0267089843749773,-0.6615386962890284,-0.173338317871071,4.0005493,352,8.608758544921898,8.786584472656273,12,18,December,No,No,No,No,No,nella norma
2010-12-19,-4.396637,-2.2789672851562273,-0.6501525878906023,-0.25867004394530113,3.607544,353,8.576196289062523,8.753778076171898,12,19,December,No,No,No,No,No,nella norma
2010-12-20,-1.5437622,-0.38999023437497726,0.5235992431640852,0.894654846191429,5.3052063,354,8.524865722656273,8.693048095703148,12,20,December,No,No,No,No,No,nella norma
2010-12-21,-0.65496826,0.43460998535158524,2.038787841796875,2.4043167114257926,6.3497314,355,8.481225585937523,8.625482177734398,12,21,December,No,No,No,No,No,nella norma
2010-12-22,1.3267212,1.2545104980468977,4.446545410156261,5.757055664062534,9.918854,356,8.497705078125023,8.559106445312523,12,22,December,No,No,No,No,Yes,1 giorno
2010-12-23,4.041748,3.6406036376953352,9.67139587402346,10.372096252441452,13.761688,357,8.475305175781273,8.520745849609398,12,23,December,No,No,Yes,Yes,Yes,2 giorno
2010-12-24,4.7132263,6.025796508789085,8.155422973632824,8.773106384277355,12.59079,358,8.443780517578148,8.482598876953148,12,24,December,No,No,No,Yes,Yes,3 giorno
2010-12-25,1.9294739,4.397195434570335,7.9071044921875,8.395555114746116,10.47644,359,8.418511962890648,8.452783203125023,12,25,December,No,No,No,No,Yes,4 giorno
2010-12-26,-2.3815002,0.41924438476564774,3.5027374267578466,4.238140869140636,7.1293945,360,8.384790039062523,8.419519042968773,12,26,December,No,No,No,No,No,nella norma
2010-12-27,-3.7884216,-0.9333404541015398,1.0722778320312614,1.2243469238281364,3.719452,361,8.331201171875023,8.414971923828148,12,27,December,No,No,No,No,No,nella norma
2010-12-28,-2.1369934,-0.5810150146484148,0.3613769531250455,0.5533966064453466,3.953003,362,8.322137451171898,8.396600341796898,12,28,December,No,No,No,No,No,nella norma
2010-12-29,-0.71157837,0.12667236328127274,1.1282836914062955,1.4921463012695426,4.953644,363,8.339685058593716,8.389428710937523,12,29,December,No,No,No,No,No,nella norma
2010-12-30,0.21975708,0.8933349609375227,2.3363464355468864,2.7565460205078125,5.427063,364,8.226342773437523,8.410638427734398,12,30,December,No,No,No,No,No,nella norma
2010-12-31,-0.043060303,0.9161926269531477,1.8168243408203466,2.1606903076171875,6.1781616,365,8.096063232421898,8.419580078125023,12,31,December,No,No,No,No,No,nella norma
